species,panth_bodymass_g,mean_long,Diet,logage,logmass,diet.new
Abrocoma_bennettii,250.5,27.6,?,3.3178157727231046,5.523458920524919,NA
Acinonyx_jubatus,50577.92,237,?,5.4680601411351315,10.831270396404877,NA
Acomys_cahirinus,41.16,65.4,Omnivore,4.180522258463153,3.717466910965849,Omnivore
Acomys_cilicicus,NA,48,?,3.871201010907891,NA,NA
Acomys_wilsoni,18.5,67.2,?,4.207673247529104,2.917770732084279,NA
Acrobates_pygmaeus,13.84,96,Omnivore,4.564348191467836,2.6275629501895237,Omnivore
Addax_nasomaculatus,96077.36,322.02,Herbivore,5.774613655416792,11.472908979273948,Herbivore
Aepyceros_melampus,52591.69,260.1,Herbivore,5.5610661724546055,10.870313401454014,Herbivore
Aepyprymnus_rufescens,2810.31,124.8,Herbivore,4.826712455935327,7.941050076527654,Herbivore
Ailuropoda_melanoleuca,117999.99,400.8,Omnivore,5.993462549770655,11.678439818702035,Omnivore
Ailurus_fulgens,5170.08,198,Omnivore,5.288267030694535,8.55064344127057,Omnivore
Alcelaphus_buselaphus,160937.86,255,Herbivore,5.541263545158426,11.988773606730895,Herbivore
Allactaga_elater,59,62.4,Omnivore,4.133565275375382,4.07753744390572,Omnivore
Allactaga_euphratica,232,50.4,Omnivore,3.919991175077323,5.44673737166631,Omnivore
Allactaga_major,NA,84,?,4.430816798843313,NA,NA
Allactaga_sibirica,NA,54,?,3.9889840465642745,NA,NA
Allenopithecus_nigroviridis,4749.96,300,Omnivore,5.703782474656201,8.465891475940598,Omnivore
Alouatta_caraya,5576.96,316.2,Herbivore,5.756374924775372,8.626399104048968,Herbivore
Alouatta_palliata,6576.99,294,Herbivore,5.683579767338681,8.791332472850142,Herbivore
Alouatta_seniculus,6398.31,300,Herbivore,5.703782474656201,8.763789171977123,Herbivore
Alticola_semicanus,NA,45.6,?,3.8199077165203406,NA,NA
Ammospermophilus_harrisii,126.57,127.2,Herbivore,4.845760650906022,4.840795514804357,Herbivore
Ammospermophilus_leucurus,103.92,102,Omnivore,4.624972813284271,4.643621372362344,Omnivore
Ammotragus_lervia,94202.22,256.2,Herbivore,5.545958389462633,11.453199027165741,Herbivore
Anoura_geoffroyi,15.15,120,Carnivore,4.787491742782046,2.7180005319553784,Carnivore
Antechinomys_laniger,25.57,40.8,Carnivore,3.708682081410116,3.2414197893030954,Carnivore
Antechinus_bellus,38.73,34.2,Carnivore,3.5322256440685598,3.6566144935266607,Carnivore
Antechinus_flavipes,44.33,44.4,Carnivore,3.7932394694381792,3.7916616487569623,Carnivore
Antechinus_stuartii,29.01,50.4,Omnivore,3.919991175077323,3.367640598133313,Omnivore
Antechinus_swainsonii,58.69,31.8,Omnivore,3.459466289786131,4.072269354570243,Omnivore
Antidorcas_marsupialis,33571.24,238.8,Herbivore,5.475626381518447,10.42142502703393,Herbivore
Antilocapra_americana,47450.01,174,Herbivore,5.159055299214529,10.767432014786207,Herbivore
Antilope_cervicapra,36301.1,264.9,Herbivore,5.579352396278024,10.499603322824118,Herbivore
Antrozous_pallidus,22.24,143.4,Carnivore,4.96563792816552,3.1018924693823817,Carnivore
Aonyx_capensis,19322.22,151.2,Carnivore,5.018603463745433,9.869011007997523,Carnivore
Aotus_azarae,929.57,360,?,5.886104031450156,6.834722113631974,NA
Aotus_lemurinus,865.96,310.8,?,5.739149618493492,6.76383871811923,NA
Aotus_trivirgatus,912.4,332.4,Omnivore,5.806339062981293,6.8160784904102325,Omnivore
Aotus_vociferans,872.99,265.2,?,5.580484258311707,6.771924101020273,NA
Apodemus_argenteus,NA,60,?,4.0943445622221,NA,NA
Apodemus_flavicollis,31.6,51,?,3.9318256327243257,3.4531571205928664,NA
Apodemus_peninsulae,NA,52.8,?,3.966511190712216,NA,NA
Apodemus_speciosus,43.75,63.6,?,4.152613470346076,3.7784916128036232,NA
Apodemus_sylvaticus,21.9,64.2,Omnivore,4.162003210695915,3.086486636822455,Omnivore
Arctictis_binturong,12999.99,298.2,?,5.697764402330638,9.472703867212608,NA
Arctocebus_calabarensis,258.01,156,Omnivore,5.049856007249537,5.552998343860403,Omnivore
Arctocephalus_australis,67979.43,309.6,?,5.735281141715572,11.126960438395889,NA
Arctocephalus_pusillus,178500,318.6,?,5.763936397475948,12.092343880201831,NA
Arctogalidia_trivirgata,2323.79,191.6,?,5.25540986553676,7.750954752443177,NA
Arctonyx_collaris,8166.52,178.3,?,5.183467524869095,9.007798148519766,NA
Artibeus_jamaicensis,43.63,175.2,Herbivore,5.165928178502291,3.775744987135518,Herbivore
Arvicanthis_niloticus,95.8,80.4,Omnivore,4.387014176184921,4.562262684976814,Omnivore
Arvicola_amphibius,120,45,Herbivore,3.8066624897703196,4.787491742782046,Herbivore
Atelerix_albiventris,293.44,136.8,?,4.918520005188451,5.6816731890681,NA
Ateles_belzebuth,6692.42,390,Herbivore,5.966146739123692,8.80873082164357,Herbivore
Ateles_chamek,7053.92,513.6,Herbivore,6.2414447523757515,8.861338769648613,Herbivore
Ateles_fusciceps,9067.94,420,?,6.040254711277414,9.11250039493151,NA
Ateles_geoffroyi,7582.4,446.4,Herbivore,6.101215411067101,8.933585051213324,Herbivore
Ateles_marginatus,6229.28,528,?,6.269096283706261,8.737016035279357,NA
Ateles_paniscus,8697.25,502.8,Herbivore,6.220192476716092,9.07076216272106,Herbivore
Atelocynus_microtis,8363.22,137.4,?,4.922896379788249,9.031598799384916,NA
Atherurus_africanus,2875.65,274.8,Herbivore,5.616043560348194,7.964034014634168,Herbivore
Atilax_paludinosus,3600.16,229.3,Omnivore,5.435031189863859,8.188733567901021,Omnivore
Axis_axis,69499.99,249.6,Herbivore,5.519859636495273,11.14908188766798,Herbivore
Axis_calamianensis,39812.6,206.4,Herbivore,5.329816033607408,10.591938724085304,Herbivore
Axis_kuhlii,54999.99,213.6,Herbivore,5.36410510708604,10.91508828239641,Herbivore
Axis_porcinus,37448.29,257.4,Herbivore,5.5506312951620265,10.5307163270217,Herbivore
Babyrousa_babyrussa,92950.09,281.4,?,5.639777144680289,11.439817961411627,NA
Baiomys_taylori,7.43,39.36,Omnivore,3.6727500721840527,2.005525858729668,Omnivore
Balaena_mysticetus,79691178.99,1506,Carnivore,7.317212408359839,18.19366945996897,Carnivore
Balaenoptera_acutorostrata,5587093.59,600,Carnivore,6.396929655216146,15.535969779688132,Carnivore
Balaenoptera_borealis,22106251.95,888,Carnivore,6.78897174299217,16.911371020146273,Carnivore
Balaenoptera_edeni,19999999.97,864,Carnivore,6.761572768804055,16.811242830018266,Carnivore
Balaenoptera_musculus,154321304.5,1320,Carnivore,7.1853870155804165,18.85454737974012,Carnivore
Balaenoptera_physalus,47506008.23,1380,Carnivore,7.22983877815125,17.676366750058435,Carnivore
Barbastella_barbastellus,8.31,264,Carnivore,5.575949103146316,2.1174596088673567,Carnivore
Bassaricyon_alleni,NA,302.4,?,5.711750644305378,NA,NA
Bassaricyon_gabbii,1250,280.8,?,5.637642672151656,7.1308988302963465,NA
Bassariscus_astutus,1010.37,213,Carnivore,5.3612921657094255,6.918071879384088,Carnivore
Bassariscus_sumichrasti,906,282,?,5.641907070938114,6.80903930604298,NA
Bdeogale_nigripes,2623.01,189.8,Omnivore,5.245970886175828,7.872077792288123,Omnivore
Berardius_bairdii,11380000.04,930,Carnivore,6.835184586147301,16.2473679901774,Carnivore
Bettongia_penicillata,1184.35,148.8,Herbivore,5.002603122398992,7.076949379868591,Herbivore
Bison_bison,624577.07,399,Herbivore,5.988961416889864,13.344830011661875,Herbivore
Bison_bonasus,675876.7,320.4,Herbivore,5.769570215194204,13.423765941939141,Herbivore
Blarina_brevicauda,18.56,29.7,?,3.391147045808654,2.9210087273580543,NA
Blarina_hylophaga,14.49,33.6,Carnivore,3.5145260669691587,2.673458756332591,Carnivore
Bos_frontalis,800143.05,314.4,Herbivore,5.7506660605550515,13.592545803165015,Herbivore
Bos_grunniens,500000,291.3,Herbivore,5.674353663965389,13.122363377404328,Herbivore
Bos_javanicus,635974.34,322.08,Herbivore,5.774799961891481,13.362913495596391,Herbivore
Boselaphus_tragocamelus,182253.04,260.4,Herbivore,5.562218910334414,12.113151330115876,Herbivore
Brachyteles_arachnoides,10537.31,480,Herbivore,6.173786103901937,9.262677571305323,Herbivore
Bubalus_bubalis,929500.97,378.9,Herbivore,5.937272318024555,13.742403129714903,Herbivore
Bubalus_depressicornis,256989.27,433.08,?,6.0709224684426975,12.456789612032997,NA
Bubalus_quarlesi,181718.86,310.2,?,5.737217250742439,12.110216046466032,NA
Budorcas_taxicolor,294515.33,248.88,Herbivore,5.516970852589382,12.59308633504837,Herbivore
Burramys_parvus,44.27,144,Omnivore,4.969813299576001,3.7903072467440495,Omnivore
Cacajao_calvus,3421.04,376.8,Omnivore,5.931714542702208,8.137699877396825,Omnivore
Callimico_goeldii,558,240.6,Omnivore,5.483135803540579,6.324358962381311,Omnivore
Callithrix_geoffroyi,342,211.2,?,5.352805551832106,5.834810737062605,NA
Callithrix_jacchus,290.21,237.6,Omnivore,5.47058858748849,5.670604798850187,Omnivore
Callithrix_kuhlii,374.99,240,Omnivore,5.480638923341991,5.926899358948182,Omnivore
Callithrix_penicillata,339.98,184.8,?,5.2192741592075835,5.828886792350624,NA
Callosciurus_caniceps,264.91,139.2,?,4.935911747900319,5.5793901456598824,NA
Callosciurus_finlaysonii,NA,153.6,?,5.034351820713572,NA,NA
Callosciurus_notatus,209.49,146.4,Omnivore,4.986342601527212,5.344676005526054,Omnivore
Callosciurus_prevostii,400,160.6,Omnivore,5.078916801512661,5.991464547107982,Omnivore
Calomyscus_bailwardi,21.38,112.8,?,4.725616339063959,3.062455905596899,NA
Caluromys_derbianus,326.72,82.2,Omnivore,4.409155302062135,5.7891035349763005,Omnivore
Caluromys_philander,246.47,91.4,?,4.515245478460105,5.507240282222274,NA
Camelus_bactrianus,554515.91,452.4,Herbivore,6.114566744241966,13.225850777876717,Herbivore
Camelus_dromedarius,492714.47,410.4,Herbivore,6.01713229385656,13.107685116885051,Herbivore
Canis_adustus,10392.49,150.7,?,5.01529110563245,9.24883870889395,NA
Canis_aureus,9658.7,208.8,?,5.341376856008484,9.1756143425811,NA
Canis_latrans,11989.1,261.8,Omnivore,5.5675808534758,9.3917531826521,Omnivore
Canis_lupus,31756.51,300.6,Carnivore,5.705780477318874,10.365853022673218,Carnivore
Canis_mesomelas,8247.3,184.2,Carnivore,5.216022123821206,9.017641153036047,Carnivore
Cannomys_badius,472.07,52.8,?,3.966511190712216,6.15712727967419,NA
Capra_caucasica,58149.52,247.8,?,5.512621969195042,10.970772903398554,NA
Capra_falconeri,54303.37,198.6,?,5.291292751611072,10.902341566611323,NA
Capra_hircus,47386.47,249.6,Herbivore,5.519859636495273,10.766092023898576,Herbivore
Capra_ibex,69546.83,259.8,Herbivore,5.559912104236499,11.149755617592502,Herbivore
Capra_nubiana,47763.72,236.4,?,5.465525285531943,10.774021634480494,NA
Capra_sibirica,130000,267.3,?,5.588371623144873,11.77528972943772,NA
Capreolus_capreolus,22502.01,207,Herbivore,5.332718793265369,10.021359917535861,Herbivore
Capricornis_crispus,43030.64,255.48,?,5.543144128693388,10.669667699066217,NA
Capricornis_sumatraensis,110942.22,237,Herbivore,5.4680601411351315,11.616764804225669,Herbivore
Capromys_pilorides,5200,150.8,?,5.015954455573856,8.556413904569519,NA
Caracal_caracal,11964.38,223.8,?,5.4107527958778245,9.389689181197962,NA
Carollia_perspicillata,19.23,176.4,Omnivore,5.172754143572691,2.9564715596006885,Omnivore
Castor_canadensis,18124.41,230.4,Herbivore,5.439816928821736,9.80501492746892,Herbivore
Catopuma_temminckii,7726.46,246,Carnivore,5.5053315359323625,8.952406080672063,Carnivore
Cavia_aperea,524.38,72,Herbivore,4.276666119016055,6.262216612336917,Herbivore
Cavia_porcellus,727.99,160.8,?,5.080161356744866,6.5902873118386065,NA
Cavia_tschudii,1000,75.6,?,4.3254562831854875,6.907755278982137,NA
Cebus_albifrons,2509.68,506.4,Omnivore,6.227326870829966,7.827910533958443,Omnivore
Cebus_capucinus,3005.99,652.8,Omnivore,6.481270803649897,8.008362243627413,Omnivore
Cebus_olivaceus,2787.64,528,Omnivore,6.269096283706261,7.932950638722427,Omnivore
Cephalophus_dorsalis,20000,207.48,Omnivore,5.335034949483199,9.903487552536127,Omnivore
Cephalophus_jentinki,68489.54,231,Herbivore,5.442417710521793,11.134436311860446,Herbivore
Cephalophus_natalensis,12724.51,181.2,Herbivore,5.199601393608879,9.451285333801087,Herbivore
Cephalophus_niger,19094.32,149.82,Herbivore,5.009434573519737,9.857146187608913,Herbivore
Cephalophus_nigrifrons,14676.33,225.6,Herbivore,5.418763519623904,9.593991270913298,Herbivore
Cephalophus_rufilatus,12114.57,148.2,Herbivore,4.998562712861986,9.402164139430468,Herbivore
Cephalophus_silvicultor,62006.6,238.98,Herbivore,5.476379866421608,11.03499610997456,Herbivore
Cephalophus_weynsi,NA,182.7,?,5.207845463383961,NA,NA
Ceratotherium_simum,2285939.43,570,Herbivore,6.345636360828596,14.642287626922874,Herbivore
Cercartetus_nanus,26.85,109.8,Omnivore,4.69866052907543,3.2902658209548736,Omnivore
Cercocebus_agilis,7105.62,372,Omnivore,5.918893854273146,8.868641299215255,Omnivore
Cercocebus_torquatus,7293.07,456,Omnivore,6.1224928095143865,8.894679861183063,Omnivore
Cercopithecus_ascanius,3540.24,357,Omnivore,5.877735781779639,8.171949800439902,Omnivore
Cercopithecus_campbelli,3627.73,378,Omnivore,5.934894195619588,8.196362387296947,Omnivore
Cercopithecus_cephus,3444.88,354,Omnivore,5.869296913133774,8.144644349749635,Omnivore
Cercopithecus_diana,4358.91,434.4,Herbivore,6.0739657686197255,8.37997730508787,Herbivore
Cercopithecus_erythrogaster,3444.88,288,?,5.662960480135946,8.144644349749635,NA
Cercopithecus_hamlyni,NA,343.2,?,5.838313367613807,NA,NA
Cercopithecus_mitis,5041.29,389.4,Omnivore,5.964607092938099,8.525417280696145,Omnivore
Cercopithecus_mona,3980.17,360,Omnivore,5.886104031450156,8.289079810934124,Omnivore
Cercopithecus_neglectus,5324.52,342.6,Omnivore,5.83656358589002,8.580077845669626,Omnivore
Cercopithecus_nictitans,5256.91,324,Omnivore,5.780743515792329,8.567298680642462,Omnivore
Cercopithecus_petaurista,3233.67,288,Herbivore,5.662960480135946,8.081372994114208,Herbivore
Cercopithecus_pogonias,3578.27,306.6,Omnivore,5.725543966437714,8.182634722373097,Omnivore
Cercopithecus_wolfi,3255.18,288,Herbivore,5.662960480135946,8.088002852652878,Herbivore
Cerdocyon_thous,5741.66,145.2,Omnivore,4.978112102390695,8.655503646110027,Omnivore
Cervus_elaphus,240867.13,349.8,Herbivore,5.857361562584502,12.392000732634907,Herbivore
Cervus_nippon,52999.99,310.32,Herbivore,5.737604023131712,10.878047003854995,Herbivore
Chaetodipus_fallax,19.19,99.6,Herbivore,4.601162164590552,2.9543893100196086,Herbivore
Chaetodipus_formosus,20.02,72.6,?,4.28496492183075,2.9967317738870745,NA
Chaetophractus_vellerosus,930.16,194.4,Omnivore,5.2699178920263385,6.835356614360353,Omnivore
Chaetophractus_villosus,4372.8,271.2,Omnivore,5.60285655606624,8.383158815173804,Omnivore
Chalinolobus_gouldii,14.24,93.6,?,4.539030383483547,2.65605490598383,NA
Chalinolobus_morio,8.91,115.2,?,4.746669748261791,2.187174241482718,NA
Cheirogaleus_medius,196.76,289.8,Omnivore,5.669191029886582,5.281984711927139,Omnivore
Chinchilla_lanigera,480.28,171,Herbivore,5.14166355650266,6.174369267162517,Herbivore
Chironectes_minimus,974.33,36.6,Carnivore,3.6000482404073204,6.8817500552946225,Carnivore
Chiropodomys_gliroides,23.68,43.2,?,3.765840495250065,3.164630810015805,NA
Chiropotes_albinasus,2793.21,222,Herbivore,5.402677381872279,7.934946751088628,Herbivore
Chiropotes_satanas,2967.27,225.6,Herbivore,5.418763519623904,7.995397617161603,Herbivore
Chlorocebus_aethiops,3695.99,381.6,Omnivore,5.944372939574132,8.21500372713021,Omnivore
Choloepus_didactylus,6646.5,387.6,?,5.959973880016611,8.801845679307654,NA
Choloepus_hoffmanni,5893.5,438.6,Herbivore,6.083587835983788,8.681605327666624,Herbivore
Chrysocyon_brachyurus,23325,190.8,Omnivore,5.251225759014186,10.057281025715545,Omnivore
Civettictis_civetta,12075.58,336,Omnivore,5.817111159963204,9.398940510493514,Omnivore
Coendou_prehensilis,4116.2,263.4,Herbivore,5.573673789309181,8.32268568663836,Herbivore
Colobus_angolensis,8990.31,423.6,Herbivore,6.048789613727251,9.10390260962977,Herbivore
Colobus_guereza,9925.88,357,Herbivore,5.877735781779639,9.20290076661229,Herbivore
Colobus_polykomos,8797.29,386.4,Herbivore,5.9568731023383625,9.082198998493105,Herbivore
Conepatus_chinga,NA,120,Omnivore,4.787491742782046,NA,Omnivore
Conepatus_leuconotus,3293.91,103.2,?,4.636668853047462,8.09983058795995,NA
Conilurus_penicillatus,175.02,54,?,3.9889840465642745,5.164900253107685,NA
Connochaetes_gnou,156547.53,250.8,Herbivore,5.524655808758766,11.96111494892328,Herbivore
Connochaetes_taurinus,198619.68,274.8,Herbivore,5.616043560348194,12.199147119339347,Herbivore
Corynorhinus_townsendii,10.3,250,Carnivore,5.521460917862246,2.33214389523559,Carnivore
Cricetomys_emini,1280,88.8,Herbivore,4.486386649998124,7.154615356913663,Herbivore
Cricetomys_gambianus,1267.52,100.8,?,4.613138355637268,7.1448175144335515,NA
Cricetulus_barabensis,NA,63.6,Omnivore,4.152613470346076,NA,Omnivore
Cricetus_cricetus,428.95,45.6,Omnivore,3.8199077165203406,6.061340362018974,Omnivore
Crocidura_flavescens,31.22,26.4,Carnivore,3.2733640101522705,3.441058915087286,Carnivore
Crocidura_leucodon,10.88,35.4,?,3.5667118201397288,2.3869262414277967,NA
Crocidura_russula,9.89,43.2,?,3.765840495250065,2.2915241456346207,NA
Crocidura_suaveolens,7.35,33,Carnivore,3.4965075614664802,1.9947003132247452,Carnivore
Crocuta_crocuta,63369.98,493.2,Carnivore,6.200914771290189,11.05674552671076,Carnivore
Crossarchus_obscurus,1395.09,133.8,Omnivore,4.896346147694128,7.240714208303422,Omnivore
Cryptomys_damarensis,112.2,186,Herbivore,5.225746673713202,4.720282993088596,Herbivore
Cryptoprocta_ferox,9500,258.6,Carnivore,5.555282466337757,9.159047077588632,Carnivore
Cryptotis_parva,4.97,31.5,?,3.449987545831587,1.6034198401085373,NA
Ctenodactylus_gundi,288.41,69.6,?,4.242764567340374,5.664383078873463,NA
Cuniculus_paca,8172.55,193.8,Herbivore,5.266826699456666,9.008536256658573,Herbivore
Cuniculus_taczanowskii,8999.95,226.8,?,5.4240685718535975,9.104974300747369,NA
Cuon_alpinus,15800,192.6,Carnivore,5.260615499364025,9.667765219015058,Carnivore
Cynictis_penicillata,694.41,182.4,Carnivore,5.206202077640231,6.543062564164107,Carnivore
Cynomys_ludovicianus,797.05,141,Herbivore,4.948759890378168,6.680917412079656,Herbivore
Cynopterus_brachyotis,33.87,108.6,?,4.687671407499835,3.5225296668296804,NA
Cynopterus_sphinx,44.71,120,Herbivore,4.787491742782046,3.800197190245889,Herbivore
Dactylopsila_trivirgata,413.41,115.1,Omnivore,4.745801315727837,6.0244398366019345,Omnivore
Dama_dama,57224.61,312,Herbivore,5.7430031878094825,10.954739329594398,Herbivore
Damaliscus_lunatus,136000.33,318,Herbivore,5.762051382780177,11.820412591185834,Herbivore
Damaliscus_pygargus,77784.55,268.02,Herbivore,5.591061604592082,11.261698104327397,Herbivore
Dasycercus_cristicauda,99.54,86.4,Carnivore,4.45898767581001,4.6005595734304086,Carnivore
Dasyprocta_azarae,2976.81,141.6,?,4.953006181259619,7.998607536338783,NA
Dasyprocta_cristata,2650.03,168,?,5.123963979403259,7.882326239670905,NA
Dasyprocta_fuliginosa,3500.02,216,Herbivore,5.375278407684165,8.160523961746893,Herbivore
Dasyprocta_leporina,3009.99,213.6,Herbivore,5.36410510708604,8.009692035478267,Herbivore
Dasyprocta_mexicana,4999.99,157.2,?,5.057518879995106,8.517191191414238,NA
Dasyprocta_prymnolopha,2900,195.6,?,5.276071757600717,7.9724660159745655,NA
Dasyprocta_punctata,2309.12,142.8,Herbivore,4.9614450499054845,7.7446217785540945,Herbivore
Dasyprocta_ruatanica,NA,164.4,?,5.10230248262208,NA,NA
Dasypus_novemcinctus,3949.01,223.8,Omnivore,5.4107527958778245,8.281220193570098,Omnivore
Dasyuroides_byrnei,109.47,90,Carnivore,4.499809670330265,4.695650539116466,Carnivore
Dasyurus_geoffroii,1106.62,67.2,Carnivore,4.207673247529104,7.009065603678602,Carnivore
Dasyurus_hallucatus,470.92,52.8,Carnivore,3.966511190712216,6.154688228209996,Carnivore
Dasyurus_maculatus,3284.15,70.8,Carnivore,4.259859000699674,8.096863145534074,Carnivore
Dasyurus_viverrinus,1101.49,81.6,Carnivore,4.401829261970061,7.004419087671909,Carnivore
Daubentonia_madagascariensis,2731.37,339.6,Omnivore,5.827768454437193,7.912558593805519,Omnivore
Delphinapterus_leucas,1381640.73,480,Carnivore,6.173786103901937,14.13878228569275,Carnivore
Delphinus_delphis,79271.69,270,Carnivore,5.598421958998375,11.280636345144753,Carnivore
Dendrohyrax_arboreus,2981.11,155.4,?,5.046002437933547,8.000050993366273,NA
Dendrolagus_dorianus,8976.58,162,?,5.087596335232384,9.102374242430699,NA
Dendrolagus_goodfellowi,7948.78,267.6,?,5.589493328254074,8.980773736752825,NA
Dendrolagus_inustus,12625,262.8,?,5.571393286610456,9.443434254143561,NA
Dendrolagus_matschiei,8293.4,304.4,?,5.718342625987531,9.023215296737906,NA
Dendrolagus_ursinus,13249.99,241.2,?,5.485626464853031,9.491752076697102,NA
Dendromus_melanotis,9.1,50.4,?,3.919991175077323,2.2082744135228043,NA
Dendromus_mesomelas,10.2,39.6,Herbivore,3.6788291182604347,2.3223877202902252,Herbivore
Desmodillus_auricularis,54.81,73.2,Herbivore,4.293195420967266,4.003872659058025,Herbivore
Desmodus_rotundus,33.16,292.2,Carnivore,5.677438499316599,3.501344330267094,Carnivore
Dicerorhinus_sumatrensis,1046156.04,406.8,Herbivore,6.008321664174405,13.860633090301368,Herbivore
Diceros_bicornis,995940.54,624,Herbivore,6.436150368369428,13.81144283598951,Herbivore
Dicrostonyx_groenlandicus,58.44,39.6,?,3.6788291182604347,4.068000586882499,NA
Didelphis_aurita,1105.88,48,Omnivore,3.871201010907891,7.008396677099987,Omnivore
Didelphis_marsupialis,1134.75,41.4,Omnivore,3.7232808808312687,7.034167641336575,Omnivore
Didelphis_virginiana,2442.08,69.6,Omnivore,4.242764567340374,7.800605414166812,Omnivore
Dinomys_branickii,12500,133.2,Herbivore,4.891851758106289,9.433483923290392,Herbivore
Diphylla_ecaudata,28.11,96,Carnivore,4.564348191467836,3.3361253849184407,Carnivore
Dipodillus_campestris,27.58,87.6,?,4.472780997942346,3.3170908723651555,NA
Dipodomys_deserti,107.63,103.2,Herbivore,4.636668853047462,4.678699419276207,Herbivore
Dipodomys_heermanni,63.08,64.2,Herbivore,4.162003210695915,4.1444037620948375,Herbivore
Dipodomys_merriami,37.91,70.2,?,4.251348311031766,3.635214929528243,NA
Dipodomys_ordii,50.4,118.2,Herbivore,4.772378104971998,3.919991175077323,Herbivore
Dipodomys_spectabilis,124.61,94.2,Omnivore,4.545420181582317,4.8251888599547765,Omnivore
Dobsonia_moluccensis,447.64,147.6,Herbivore,4.994505912166372,6.103989337949827,Herbivore
Dolichotis_patagonum,8000,170.4,Herbivore,5.138148614395216,8.987196820661973,Herbivore
Dorcopsis_luctuosa,4939.56,131.4,?,4.8782461060505105,8.505031537389193,NA
Dorcopsis_muelleri,5370.79,120,?,4.787491742782046,8.588730290276807,NA
Dorcopsulus_macleayi,2780.54,94.8,?,4.551769409260976,7.930400432425959,NA
Dryomys_nitedula,29.5,48.6,?,3.883623530906448,3.3843902633457743,NA
Dugong_dugon,295000,858,Herbivore,6.754604099487962,12.594730635321957,Herbivore
Echinops_telfairi,152.25,192,Carnivore,5.2574953720277815,5.025523906590006,Carnivore
Echymipera_rufescens,1051.48,36,?,3.58351893845611,6.957953974514883,NA
Eidolon_helvum,254.61,261.795,Herbivore,5.56756175474491,5.539732962649695,Herbivore
Eira_barbara,4134.99,241.8,Omnivore,5.488110938180692,8.327240189075182,Omnivore
Elaphodus_cephalophus,23087.87,272.4,Herbivore,5.607271574275357,10.047062650367169,Herbivore
Elaphurus_davidianus,165989.17,304.8,Herbivore,5.7196558238124915,12.019677824246541,Herbivore
Elephantulus_intufi,48.9,108.6,?,4.687671407499835,3.8897773964808264,NA
Elephantulus_rozeti,43.07,61.2,?,4.11414718951828,3.7628266990660193,NA
Elephantulus_rufescens,52.78,83.4,Carnivore,4.423648309364701,3.966132331075178,Carnivore
Elephas_maximus,3269794.34,957.6,Herbivore,6.864430154243763,15.00023764792923,Herbivore
Eliomys_melanurus,100.36,74.4,Omnivore,4.309455941839047,4.608763721498222,Omnivore
Eliomys_quercinus,114.61,66,Omnivore,4.189654742026425,4.741535060508608,Omnivore
Ellobius_talpinus,40,76.8,Herbivore,4.341204640153626,3.6888794541139363,Herbivore
Enhydra_lutris,27410.93,342,Carnivore,5.834810737062605,10.21869711794416,Carnivore
Epomophorus_gambianus,134.59,93.6,Herbivore,4.539030383483547,4.902233120245624,Herbivore
Epomophorus_wahlbergi,93.59,121.2,Omnivore,4.797442073635214,4.538923540169165,Omnivore
Eptesicus_fuscus,17.49,234,Carnivore,5.455321115357702,2.8616292890305104,Carnivore
Eptesicus_nilssonii,10.72,213,Carnivore,5.3612921657094255,2.372111155642656,Carnivore
Eptesicus_serotinus,23.09,162,Carnivore,5.087596335232384,3.139399623366404,Carnivore
Equus_asinus,164998.49,564,?,6.335054251498059,12.013691601325691,NA
Equus_caballus,403598.53,714,?,6.570882962339584,12.908175925234938,NA
Equus_grevyi,408000.35,342,Herbivore,5.834810737062605,12.919023311229068,Herbivore
Equus_hemionus,235248.07,422.4,?,6.045952732392052,12.368395853375716,NA
Equus_kiang,281138.63,361.2,?,5.88943182154283,12.546603171856882,NA
Equus_zebra,282462.13,343.2,?,5.838313367613807,12.551299767485368,NA
Erinaceus_amurensis,NA,96,?,4.564348191467836,NA,NA
Erinaceus_concolor,665.99,84,Carnivore,4.430816798843313,6.501274655412647,Carnivore
Erinaceus_europaeus,777.95,154.2,Omnivore,5.038250461129229,6.656662254760972,Omnivore
Erythrocebus_patas,7966.3,323.4,Omnivore,5.778889947143006,8.982975423087701,Omnivore
Eschrichtius_robustus,27324024.19,924,Carnivore,6.828712071641684,17.123276880135784,Carnivore
Eubalaena_australis,22999999.91,840,Carnivore,6.733401891837359,16.95100476998038,Carnivore
Eubalaena_glacialis,22999999.91,804,Carnivore,6.6895992691789665,16.95100476998038,Carnivore
Eudorcas_rufifrons,26999.77,168,Herbivore,5.123963979403259,10.203583626431666,Herbivore
Eudorcas_thomsonii,22907.43,211.02,Herbivore,5.351952915713946,10.039216591066937,Herbivore
Eulemur_coronatus,1699.85,272.4,Herbivore,5.607271574275357,7.438295290857227,Herbivore
Eulemur_fulvus,2376.99,435,Herbivore,6.075346031088684,7.773590260367752,Herbivore
Eulemur_macaco,2470.43,405,Herbivore,6.003887067106539,7.812147503539105,Herbivore
Eulemur_mongoz,1771.13,397.2,Herbivore,5.984439932171018,7.479373039944843,Herbivore
Eulemur_rubriventer,2015.4,380.4,Herbivore,5.941223330671235,7.608572965846302,Herbivore
Eumetopias_jubatus,382466.74,376.8,Carnivore,5.931714542702208,12.854396974219622,Carnivore
Euphractus_sexcinctus,4731.16,245.58,Omnivore,5.503622759732367,8.461925694547762,Omnivore
Falsistrellus_tasmaniensis,22.54,72,?,4.276666119016055,3.11529150861163,NA
Felis_chaus,7157.99,192,Carnivore,5.2574953720277815,8.875984494286717,Carnivore
Felis_manul,3050,190.8,?,5.251225759014186,8.022896869601457,NA
Felis_margarita,2823.36,166.8,?,5.116795489924646,7.94568294403374,NA
Felis_nigripes,1362.77,165.6,?,5.109575241951159,7.217274672042897,NA
Felis_silvestris,4573.08,282,Omnivore,5.641907070938114,8.427942217491479,Omnivore
Fossa_fossana,1853.98,194.4,?,5.2699178920263385,7.525089958581099,NA
Funisciurus_anerythrus,223.54,120,Omnivore,4.787491742782046,5.409590368957465,Omnivore
Funisciurus_pyrropus,243.18,114,Omnivore,4.736198448394496,5.493801909868272,Omnivore
Galago_moholi,191.96,198.6,Omnivore,5.291292751611072,5.257287016990045,Omnivore
Galago_senegalensis,215.2,204.6,Omnivore,5.321056853517526,5.371567828287629,Omnivore
Galea_musteloides,386.64,31.8,?,3.459466289786131,5.957494027536828,NA
Galea_spixii,360.61,55.2,?,4.01096295328305,5.887797041943218,NA
Galerella_pulverulenta,791.4,122.45,?,4.8077027833981765,6.673803528951324,NA
Galerella_sanguinea,543.83,111.6,Carnivore,4.71492104994721,6.298636698017643,Carnivore
Galictis_cuja,1000,104.7,Carnivore,4.651099117876491,6.907755278982137,Carnivore
Galictis_vittata,NA,150,?,5.0106352940962555,NA,NA
Galidia_elegans,810,235.2,?,5.460436216024472,6.697034247666484,NA
Gazella_cuvieri,NA,214.8,Herbivore,5.36970736263471,NA,Herbivore
Gazella_dorcas,15635.95,246.72,Herbivore,5.508254090374964,9.657328029158947,Herbivore
Gazella_gazella,21306.83,219.3,Herbivore,5.390440655423842,9.966782957574955,Herbivore
Gazella_leptoceros,24645.75,171.6,Herbivore,5.145166187053862,10.112359750812766,Herbivore
Gazella_saudiya,16000,252,?,5.529429087511423,9.680344001221918,NA
Gazella_subgutturosa,26981.37,217.8,?,5.38357721049886,10.202901906826906,NA
Genetta_genetta,1756.17,340.2,Omnivore,5.829533679961761,7.470890580443127,Omnivore
Genetta_maculata,1950,240,Omnivore,5.480638923341991,7.575584651557793,Omnivore
Genetta_tigrina,2066.57,217.8,Omnivore,5.38357721049886,7.633645507077579,Omnivore
Geocapromys_brownii,1497.48,130.8,Herbivore,4.873669439023098,7.311538974307763,Herbivore
Geomys_bursarius,203.75,115.2,Herbivore,4.746669748261791,5.316893752120972,Herbivore
Gerbilliscus_afra,92.13,68.4,?,4.225372824628505,4.52320062312084,NA
Gerbilliscus_validus,121,60,Omnivore,4.0943445622221,4.795790545596741,Omnivore
Gerbillus_gerbillus,26.99,70.8,?,4.259859000699674,3.2954664270299134,NA
Gerbillus_perpallidus,52.22,66,?,4.189654742026425,3.955465563270983,NA
Gerbillus_pyramidum,42.8,98.4,Herbivore,4.589040804058207,3.756538102587751,Herbivore
Giraffa_camelopardalis,964654.73,454.8,Herbivore,6.119857761876381,13.779525523551913,Herbivore
Glaucomys_sabrinus,137.53,163.2,Omnivore,5.094976442530006,4.9238420751266165,Omnivore
Glaucomys_volans,71.9,186,Omnivore,5.225746673713202,4.275276264727001,Omnivore
Glirulus_japonicus,NA,84,?,4.430816798843313,NA,NA
Glis_glis,128.09,106.2,Herbivore,4.665324108807838,4.852733141843045,Herbivore
Globicephala_macrorhynchus,725999.99,756,Carnivore,6.628041376179533,13.495305280032829,Carnivore
Globicephala_melas,800000,630,Carnivore,6.4457198193855785,13.592367006650065,Carnivore
Glossophaga_soricina,9.97,126,Omnivore,4.836281906951478,2.299580583973747,Omnivore
Gorilla_gorilla,112588.99,684.6,Herbivore,6.528834726096085,11.631499210155644,Herbivore
Gracilinanus_agilis,22.03,73.2,?,4.293195420967266,3.092405160814252,NA
Grammomys_dolichurus,41.85,52.8,?,3.966511190712216,3.7340917969354845,NA
Grampus_griseus,387500,375,Carnivore,5.926926025970411,12.86747112777554,Carnivore
Graphiurus_murinus,20.07,76.2,Herbivore,4.333361462692601,2.9992261628082466,Herbivore
Graphiurus_platyops,46.1,87.6,?,4.472780997942346,3.8308129500026027,NA
Gulo_gulo,12792.49,225,Carnivore,5.41610040220442,9.45661355897091,Carnivore
Gymnobelideus_leadbeateri,137.32,150.6,Omnivore,5.014627315365793,4.922313968589491,Omnivore
Halichoerus_grypus,197570.01,537.435,?,6.286807822456609,12.193848281522422,NA
Hapalemur_griseus,916,242.4,Herbivore,5.490589254195159,6.82001636467413,Herbivore
Haplonycteris_fischeri,18.25,120,?,4.787491742782046,2.9041650800285006,NA
Helarctos_malayanus,57075.78,364.2,Omnivore,5.897703167293508,10.952135137533261,Omnivore
Heliosciurus_rufobrachium,332.88,105.6,Omnivore,4.659658371272161,5.807782064674686,Omnivore
Helogale_parvula,281.83,185.5,?,5.22305488204749,5.64130405227947,NA
Hemibelideus_lemuroides,993.59,56.4,Herbivore,4.032469158504013,6.901324646716329,Herbivore
Hemiechinus_auritus,322.04,86.4,Omnivore,4.45898767581001,5.77467576143178,Omnivore
Hemigalus_derbyanus,1262.7,168,?,5.123963979403259,7.141007564444634,NA
Hemitragus_hylocrius,74186.41,207.3,?,5.334167019441734,11.214336258741982,NA
Hemitragus_jemlahicus,68616.43,274.8,?,5.616043560348194,11.13628728941056,NA
Herpestes_edwardsi,1304.67,147.6,?,4.994505912166372,7.173705414215665,NA
Herpestes_javanicus,750,159.6,?,5.072670685015709,6.620073206530356,NA
Herpestes_smithii,1702.5,213.6,?,5.36410510708604,7.439853038023667,NA
Herpestes_urva,2384.19,159.8,?,5.073923033332174,7.776614722996102,NA
Herpestes_vitticollis,2380,153.6,?,5.034351820713572,7.77485576666552,NA
Heterocephalus_glaber,39.36,246,Herbivore,5.5053315359323625,3.6727500721840527,Herbivore
Hexaprotodon_liberiensis,235001.16,516.6,Herbivore,6.24726888066174,12.367345729284326,Herbivore
Hippopotamus_amphibius,1536310.4,694.2,Herbivore,6.542760103427686,14.244894255607,Herbivore
Hipposideros_fulvus,8.83,150,?,5.0106352940962555,2.178155014615869,NA
Hippotragus_equinus,264173.96,275.4,Herbivore,5.618224586294555,12.484363104517154,Herbivore
Hippotragus_niger,236405.9,266.7,Herbivore,5.586124431187969,12.373305521901457,Herbivore
Homo_sapiens,58540.63,1470,Omnivore,7.293017679772782,10.977476322060193,Omnivore
Hoplomys_gymnurus,281.42,84,Omnivore,4.430816798843313,5.63984821536011,Omnivore
Hyaena_brunnea,42977.93,293.4,?,5.681536865708881,10.668442007100895,NA
Hyaena_hyaena,35070.51,294,Omnivore,5.683579767338681,10.465115885372368,Omnivore
Hydrictis_maculicollis,4180.53,274.8,Carnivore,5.616043560348194,8.338193311739463,Carnivore
Hydrochoerus_hydrochaeris,48144.91,162.6,Herbivore,5.0912931971137105,10.781970700319642,Herbivore
Hydromys_chrysogaster,626.17,80.8,?,4.39197696552705,6.439621899728071,NA
Hydropotes_inermis,12760.04,155.4,Herbivore,5.046002437933547,9.454073691690105,Herbivore
Hylobates_agilis,5829.08,558,Herbivore,6.324358962381311,8.670614462432413,Herbivore
Hylobates_klossii,5822.29,444,?,6.095824562432225,8.66944893412653,NA
Hylobates_lar,5578.61,576,Omnivore,6.3561076606958915,8.626694920401164,Omnivore
Hylobates_moloch,5860.81,540,Herbivore,6.29156913955832,8.6760430982748,Herbivore
Hylobates_muelleri,5909.81,720,Herbivore,6.579251212010101,8.684368960983187,Herbivore
Hylobates_pileatus,5542.37,444,?,6.095824562432225,8.62017748609586,NA
Hyperoodon_ampullatus,3393361.08,444,Carnivore,6.095824562432225,15.0373314572024,Carnivore
Hypogeomys_antimena,1175.93,151.2,?,5.018603463745433,7.069814602877436,NA
Hystrix_africaeaustralis,14936.02,258.6,Herbivore,5.555282466337757,9.611531024267261,Herbivore
Hystrix_brachyura,8000,327.6,Herbivore,5.791793351978915,8.987196820661973,Herbivore
Hystrix_cristata,13406.27,336,Omnivore,5.817111159963204,9.503477786950807,Omnivore
Hystrix_indica,14298.6,325.2,?,5.784440377673656,9.567916909357374,NA
Ichneumia_albicauda,3628.4,160.8,?,5.080161356744866,8.196547058740789,NA
Ictonyx_striatus,811.02,164,Carnivore,5.099866427824199,6.698292714723792,Carnivore
Inia_geoffrensis,121430.76,367.8,Carnivore,5.907539312170221,11.707099502778176,Carnivore
Isoodon_auratus,425,80.4,Omnivore,4.387014176184921,6.052089168924417,Omnivore
Isoodon_macrourus,1505.77,58.8,Omnivore,4.074141854904581,7.31705967425302,Omnivore
Isoodon_obesulus,824.76,61.5,?,4.119037174812473,6.715092434921514,NA
Jaculus_jaculus,59.8,79.8,?,4.379523504455763,4.091005660956586,NA
Jaculus_orientalis,138.26,66,?,4.189654742026425,4.929135970517119,NA
Kerodon_rupestris,799.15,143.4,?,4.96563792816552,6.683548662814663,NA
Kobus_ellipsiprymnus,204393.48,299.52,Herbivore,5.702181193289227,12.227802238564179,Herbivore
Kobus_kob,80035.21,262.92,Herbivore,5.571849803395375,11.29022194182942,Herbivore
Kobus_leche,88645.04,273.48,Herbivore,5.611228493045593,11.392395359570463,Herbivore
Kobus_megaceros,85805.93,238.62,Herbivore,5.474872328447654,11.35984339730689,Herbivore
Kogia_breviceps,431500,204,Carnivore,5.318119993844216,12.97502278950562,Carnivore
Lagenorhynchus_acutus,186517.55,324,Carnivore,5.780743515792329,12.136280615515378,Carnivore
Lagenorhynchus_obliquidens,109694.46,426,Carnivore,6.054439346269371,11.605454143620719,Carnivore
Lagidium_viscacia,1539.99,234,?,5.455321115357702,7.3395312018800984,NA
Lagorchestes_conspicillatus,2821.01,88.8,Herbivore,4.486386649998124,7.944850255837968,Herbivore
Lagorchestes_hirsutus,1407.14,127.2,Herbivore,4.845760650906022,7.2493145546519075,Herbivore
Lagostomus_maximus,4660.94,121.2,Herbivore,4.797442073635214,8.446972423515803,Herbivore
Lagurus_lagurus,20.6,45.6,?,3.8199077165203406,3.0252910757955354,NA
Lama_glama,78322.67,343.2,Herbivore,5.838313367613807,11.268592367532401,Herbivore
Lasionycteris_noctivagans,11.02,144,Carnivore,4.969813299576001,2.3997118037247684,Carnivore
Lasiopodomys_brandtii,NA,49.2,Herbivore,3.8958936234982624,NA,Herbivore
Lasiorhinus_krefftii,31849.99,360,Herbivore,5.886104031450156,10.368792347028517,Herbivore
Lasiorhinus_latifrons,26163.8,326.4,Herbivore,5.788123623089952,10.17213205496077,Herbivore
Lasiurus_cinereus,27.06,96.6,Carnivore,4.570578741218473,3.2980566227426418,Carnivore
Lemmus_lemmus,67.62,31.8,?,3.459466289786131,4.21390379727974,NA
Lemniscomys_barbarus,26.15,52.8,?,3.966511190712216,3.263849190510932,NA
Lemniscomys_striatus,43.65,43.8,?,3.7796338173824005,3.776203282285611,NA
Lemur_catta,2626.48,403.8,Herbivore,6.000919705878737,7.873399825668661,Herbivore
Leontopithecus_chrysomelas,572.8,255.6,Omnivore,5.5436137225033795,6.350536615646436,Omnivore
Leontopithecus_rosalia,592.52,338.4,Omnivore,5.824228627732068,6.384384627713851,Omnivore
Leopardus_colocolo,NA,235.2,?,5.460436216024472,NA,NA
Leopardus_geoffroyi,NA,276,Carnivore,5.62040086571715,NA,Carnivore
Leopardus_pardalis,11880,291,Carnivore,5.673323267171493,9.382611592916636,Carnivore
Leopardus_tigrinus,NA,262.8,?,5.571393286610456,NA,NA
Leopardus_wiedii,3270.81,264,Carnivore,5.575949103146316,8.092792939639146,Carnivore
Leporillus_conditor,328.82,63.6,Herbivore,4.152613470346076,5.795510488582731,Herbivore
Leptailurus_serval,11999.96,272.4,?,5.607271574275357,9.392658595431248,NA
Leptonycteris_curasoae,25.27,121.2,Herbivore,4.797442073635214,3.2296179214001026,Herbivore
Lepus_brachyurus,2519.45,156,?,5.049856007249537,7.831795902716352,NA
Lepus_californicus,2422.48,111.6,Herbivore,4.71492104994721,7.792547087796889,Herbivore
Lepus_europaeus,3816.43,136.2,Herbivore,4.9141243937154115,8.247070709658031,Herbivore
Lepus_timidus,3105.42,216,Herbivore,5.375278407684165,8.040904250920482,Herbivore
Litocranius_walleri,38804.37,181.8,Herbivore,5.202907181743378,10.56628814813519,Herbivore
Lontra_canadensis,8087.42,312,Carnivore,5.7430031878094825,8.998065046951886,Carnivore
Lophiomys_imhausi,755,90,Omnivore,4.499809670330265,6.626717749249025,Omnivore
Lophocebus_albigena,7418.71,412.2,?,6.021508668456359,8.911760466599551,NA
Loris_tardigradus,249.22,228,Omnivore,5.429345628954441,5.518336040514722,Omnivore
Loxodonta_africana,3824539.93,870,Herbivore,6.76849321164863,15.156948738270023,Herbivore
Lutra_lutra,8868.69,241.2,?,5.485626464853031,9.090282375557772,NA
Lutreolina_crassicaudata,554.77,35.4,?,3.5667118201397288,6.3185536134386355,NA
Lycalopex_culpaeus,8616.24,157.2,Omnivore,5.057518879995106,9.06140407360148,Omnivore
Lycalopex_griseus,NA,130.8,?,4.873669439023098,NA,NA
Lycalopex_gymnocercus,4542.67,164.4,Omnivore,5.10230248262208,8.421270223895865,Omnivore
Lycalopex_sechurae,4234,118.8,?,4.777441406928545,8.350902451694811,NA
Lycalopex_vetulus,4233.47,151.2,Omnivore,5.018603463745433,8.35077726672204,Omnivore
Lycaon_pictus,21999.99,168,Carnivore,5.123963979403259,9.998797277794894,Carnivore
Lynx_canadensis,9682.82,321.3,Carnivore,5.772375266121813,9.178108460158567,Carnivore
Lynx_lynx,19300,316.8,?,5.758270659940271,9.867860374892977,NA
Lynx_rufus,6374.47,387.8,Carnivore,5.9604897428085515,8.760056229315632,Carnivore
Macaca_arctoides,9358.04,355.2,Omnivore,5.872681011118015,9.143991145834637,Omnivore
Macaca_assamensis,8546.89,376.8,Omnivore,5.931714542702208,9.05332275307033,Omnivore
Macaca_fascicularis,4569.32,462,Herbivore,6.135564891081739,8.427119676318046,Herbivore
Macaca_fuscata,10114.76,429,Omnivore,6.061456918928017,9.221751022182438,Omnivore
Macaca_maura,7290.3,396,Omnivore,5.981414211254481,8.894299976419347,Omnivore
Macaca_mulatta,6455.19,456,Omnivore,6.1224928095143865,8.772639737394417,Omnivore
Macaca_nemestrina,7820.78,431.4,Omnivore,6.067035733955056,8.964539572810754,Omnivore
Macaca_nigra,7359.39,312,?,5.7430031878094825,8.903732327853366,NA
Macaca_ochreata,2745.5,348,?,5.8522024797744745,7.917718486718927,NA
Macaca_radiata,4999.99,360,Omnivore,5.886104031450156,8.517191191414238,Omnivore
Macaca_silenus,5995.25,480,Omnivore,6.173786103901937,8.698722768009983,Omnivore
Macaca_sinica,4655.99,385.8,Omnivore,5.955319100471629,8.445909841642644,Omnivore
Macaca_sylvanus,11471.53,312,Omnivore,5.7430031878094825,9.34762359268354,Omnivore
Macaca_thibetana,10593.06,324,?,5.780743515792329,9.267954348698268,NA
Macaca_tonkeana,10035.53,340.8,?,5.83129579495516,9.213887074982754,NA
Macroderma_gigas,124.37,271.2,Carnivore,5.60285655606624,4.82326099366565,Carnivore
Macropus_agilis,11815.75,173.4,Herbivore,5.155601064346442,9.377188666235186,Herbivore
Macropus_antilopinus,27250.1,214.8,Herbivore,5.36970736263471,10.212812469809426,Herbivore
Macropus_bernardus,17000,141.6,Herbivore,4.953006181259619,9.740968623038354,Herbivore
Macropus_eugenii,5278.48,174.6,Herbivore,5.162497643405501,8.571393456467376,Herbivore
Macropus_fuliginosus,25564.7,259.2,Herbivore,5.557599964478119,10.148967772651583,Herbivore
Macropus_giganteus,33409.89,294,Herbivore,5.683579767338681,10.416607242917966,Herbivore
Macropus_parma,4156.62,155.4,Herbivore,5.046002437933547,8.332457522998283,Herbivore
Macropus_robustus,25978.92,276,Herbivore,5.62040086571715,10.165040718921716,Herbivore
Macropus_rufogriseus,16850,205.2,Herbivore,5.323985113296614,9.732105935780508,Herbivore
Macropus_rufus,38968.39,330,Herbivore,5.799092654460526,10.570506083648162,Herbivore
Macroscelides_proboscideus,38.64,104.4,Omnivore,4.648229675448539,3.654288009344317,Omnivore
Macrotis_lagotis,1229.58,117.6,Omnivore,4.767289035464526,7.114427926639922,Omnivore
Macrotus_californicus,11.83,164.4,?,5.10230248262208,2.4706386779902956,NA
Macrotus_waterhousii,16.27,124.9,?,4.827513417131532,2.7893229212309465,NA
Madoqua_guentheri,4623.7,189,Herbivore,5.241747015059643,8.438950529354754,Herbivore
Madoqua_kirkii,4833.4,202.8,Herbivore,5.312220271717028,8.48330543274888,Herbivore
Mandrillus_leucophaeus,14253.3,434.4,Omnivore,6.0739657686197255,9.564743737833899,Omnivore
Mandrillus_sphinx,16685.06,517.98,Omnivore,6.249936631475486,9.72226898722336,Omnivore
Marmosa_robinsoni,60.57,42,Omnivore,3.7376696182833684,4.103799720992856,Omnivore
Marmosops_noctivagus,39.77,54,?,3.9889840465642745,3.6831128592195994,NA
Marmota_flaviventris,3709.73,175.2,Herbivore,5.165928178502291,8.218714376672835,Herbivore
Marmota_marmota,4059.15,212.4,?,5.358471289367784,8.308728871071086,NA
Marmota_monax,3880.93,144,Omnivore,4.969813299576001,8.263830094617736,Omnivore
Marmota_vancouverensis,5232.43,145.2,?,4.978112102390695,8.562631076304248,NA
Martes_americana,873.69,220.8,Carnivore,5.39725731440294,6.772725621662263,Carnivore
Martes_flavigula,2504.64,180,?,5.19295685089021,7.825900290616473,NA
Martes_foina,1675,217.8,Omnivore,5.38357721049886,7.423568444259167,Omnivore
Martes_martes,1299.99,211.2,Omnivore,5.352805551832106,7.17011185111235,Omnivore
Martes_pennanti,3750,146.68,Carnivore,4.988253343203126,8.229511118964457,Carnivore
Martes_zibellina,1173.91,200.4,?,5.3003153692107094,7.068095336461363,NA
Mazama_americana,20546.86,185.4,Herbivore,5.2225156531317545,9.93046341019604,Herbivore
Mazama_gouazoubira,16633.17,160.8,Herbivore,5.080161356744866,9.719154173384009,Herbivore
Megaderma_lyra,39.27,168,Carnivore,5.123963979403259,3.6704608685899185,Carnivore
Megaptera_novaeangliae,30000000.01,1140,Carnivore,7.038783541388542,17.21670793995976,Carnivore
Meles_meles,11884.03,208.8,Omnivore,5.341376856008484,9.38295076098187,Omnivore
Mellivora_capensis,8999.99,346.8,Omnivore,5.848748244906387,9.104978745206628,Omnivore
Melogale_moschata,938.5,177,Omnivore,5.176149732573829,6.844282856026563,Omnivore
Melursus_ursinus,99999.99,439.8,Omnivore,6.086320078120661,11.512925364970224,Omnivore
Mephitis_mephitis,2399.99,160.9,Omnivore,5.080783053998338,7.783219849660689,Omnivore
Meriones_crassus,69.94,67.2,Omnivore,4.207673247529104,4.24763773163523,Omnivore
Meriones_libycus,91.33,62.4,Herbivore,4.133565275375382,4.514479320703588,Herbivore
Meriones_meridianus,NA,81.6,Omnivore,4.401829261970061,NA,Omnivore
Meriones_persicus,107.52,72,Omnivore,4.276666119016055,4.677676876774839,Omnivore
Meriones_unguiculatus,57.75,49.8,Herbivore,3.9080149840306073,4.056123349401903,Herbivore
Meriones_vinogradovi,117,60.2,?,4.097672352314776,4.762173934797756,NA
Mesembriomys_gouldii,716.49,70.2,?,4.251348311031766,6.574364290436706,NA
Mesembriomys_macrurus,294.28,85.2,?,4.44500143383527,5.684531695064064,NA
Mesocricetus_auratus,98.6,83.4,?,4.423648309364701,4.591071261608589,NA
Mesocricetus_brandti,198,52.8,?,3.966511190712216,5.288267030694535,NA
Mesoplodon_europaeus,5600000.02,576,Carnivore,6.3561076606958915,15.538277159276806,Carnivore
Metachirus_nudicaudatus,363.77,42,?,3.7376696182833684,5.896521799792072,NA
Micaelamys_namaquensis,57.1,56.4,Herbivore,4.032469158504013,4.044804116661965,Herbivore
Microcebus_murinus,69,202.2,Omnivore,5.309257306586371,4.23410650459726,Omnivore
Microgale_dobsoni,36.66,67.2,?,4.207673247529104,3.6016862424115588,NA
Microgale_talazaci,43.07,69.8,?,4.2456340097683265,3.7628266990660193,NA
Micromys_minutus,6.99,52.8,?,3.966511190712216,1.944480556245719,NA
Microtus_agrestis,35.87,48.6,Herbivore,3.883623530906448,3.579901291544191,Herbivore
Microtus_arvalis,26.9,46.8,Herbivore,3.845883202923601,3.292126286607793,Herbivore
Microtus_guentheri,49.99,46.8,?,3.845883202923601,3.911822985425479,NA
Microtus_ochrogaster,42.5,63.6,Omnivore,4.152613470346076,3.7495040759303713,Omnivore
Microtus_pinetorum,25.95,39.6,Herbivore,3.6788291182604347,3.2561716096118976,Herbivore
Millardia_gleadowi,NA,48,?,3.871201010907891,NA,NA
Miniopterus_schreibersii,11.46,216,Carnivore,5.375278407684165,2.4388627112865935,Carnivore
Miopithecus_talapoin,1248.86,351.6,Omnivore,5.862494165811022,7.129986414171324,Omnivore
Mirza_coquereli,326.5,196.2,Omnivore,5.279134547131263,5.788429948716486,Omnivore
Mogera_wogura,96.88,40.2,?,3.6938669956249757,4.573473099244837,NA
Molossus_molossus,13.7,67.2,Carnivore,4.207673247529104,2.617395832834079,Carnivore
Monodelphis_adusta,36.04,49.2,?,3.8958936234982624,3.584629432740137,NA
Monodelphis_brevicaudata,78.84,29.4,?,3.380994674344636,4.367420482284519,NA
Monodelphis_domestica,93.45,66.6,Omnivore,4.198704577546343,4.537426533901572,Omnivore
Monodon_monoceros,938126.44,540,Carnivore,6.29156913955832,13.751640016345368,Carnivore
Moschiola_meminna,3130.95,174,Herbivore,5.159055299214529,8.049091751860026,Herbivore
Mungos_mungo,1260,176.4,?,5.172754143572691,7.138866999945524,NA
Muntiacus_muntjak,17611.59,218.4,Herbivore,5.38632824387075,9.776312487022567,Herbivore
Muntiacus_reevesi,13499.94,278.4,Herbivore,5.629058928460265,9.5104405199722,Herbivore
Mus_minutoides,6.43,44.4,Omnivore,3.7932394694381792,1.860974538249528,Omnivore
Mus_musculus,19.3,60,Omnivore,4.0943445622221,2.9601050959108397,Omnivore
Mus_spicilegus,NA,42,?,3.7376696182833684,NA,NA
Muscardinus_avellanarius,29.19,67.8,Omnivore,4.216562194946349,3.3738261848660236,Omnivore
Mustela_erminea,284.5,117.615,Carnivore,4.7674165783509945,5.6507332535663855,Carnivore
Mustela_eversmanii,1684.21,109.2,?,4.693181063310805,7.429051890115375,NA
Mustela_frenata,190.03,95.415,?,4.5582357987988775,5.247181954433266,NA
Mustela_lutreola,566.44,110.4,?,4.704110133842995,6.339371161354858,NA
Mustela_nigripes,907.1,128.4,?,4.855150391255861,6.810252697620898,NA
Mustela_nivalis,78.45,114.6,Carnivore,4.741447804280639,4.362461479179042,Carnivore
Mustela_putorius,975.55,150.6,Carnivore,5.014627315365793,6.883001414515908,Carnivore
Mustela_sibirica,530.85,105.8,?,4.661550519424199,6.274479495459582,NA
Myocastor_coypus,6361.55,186,Herbivore,5.225746673713202,8.758027337333365,Herbivore
Myodes_glareolus,20.73,58.8,?,4.074141854904581,3.0315819264476884,NA
Myodes_rutilus,19.94,25.2,Herbivore,3.2268439945173775,2.9927277645336923,Herbivore
Myoprocta_acouchy,954.87,148.8,Herbivore,5.002603122398992,6.861575205560342,Herbivore
Myosorex_varius,11.68,18.6,Carnivore,2.9231615807191558,2.457877977400081,Carnivore
Myotis_bechsteinii,9.47,252,Carnivore,5.529429087511423,2.248128907197987,Carnivore
Myotis_blythii,23.82,316.995,Carnivore,5.758886000882225,3.170525563927154,Carnivore
Myotis_brandtii,5.3,492,?,6.198478716492308,1.667706820558076,NA
Myotis_dasycneme,15.16,240,?,5.480638923341991,2.7186603802142257,NA
Myotis_daubentonii,7.63,336,Carnivore,5.817111159963204,2.0320878452963655,Carnivore
Myotis_emarginatus,7.56,244.2,Carnivore,5.497987561676604,2.0228711901914416,Carnivore
Myotis_evotis,6.91,264,Carnivore,5.575949103146316,1.9329696377795786,Carnivore
Myotis_grisescens,10.84,334.62,Carnivore,5.812995559629518,2.3832429960115,Carnivore
Myotis_keenii,6.51,225,Carnivore,5.41610040220442,1.873339456220478,Carnivore
Myotis_leibii,5.22,144,Carnivore,4.969813299576001,1.6524974018945473,Carnivore
Myotis_lucifugus,7.8,408,Carnivore,6.0112671744041615,2.0541237336955462,Carnivore
Myotis_myotis,25.59,354.6,Carnivore,5.870990393640108,3.2422016501716975,Carnivore
Myotis_mystacinus,NA,288,Carnivore,5.662960480135946,NA,Carnivore
Myotis_nattereri,7.25,232.2,Carnivore,5.4475990692637914,1.9810014688665833,Carnivore
Myotis_nigricans,NA,84,Carnivore,4.430816798843313,NA,Carnivore
Myotis_sodalis,7.15,240,Carnivore,5.480638923341991,1.9671123567059163,Carnivore
Myotis_thysanodes,8.49,219.6,Carnivore,5.391807709635375,2.138889000323256,Carnivore
Myotis_velifer,9.82,135.78,Carnivore,4.911035928873501,2.2844211223663744,Carnivore
Myotis_vivesi,25.63,120,Omnivore,4.787491742782046,3.24376354037598,Omnivore
Myotis_volans,8.71,151.5,Carnivore,5.020585624949423,2.1644717908644115,Carnivore
Myotis_yumanensis,5.15,136.98,?,4.919834929769759,1.6389967146756448,NA
Myrmecobius_fasciatus,511.44,102,Carnivore,4.624972813284271,6.2372302764584715,Carnivore
Myrmecophaga_tridactyla,29531.83,342,Carnivore,5.834810737062605,10.293223943694928,Carnivore
Mystacina_tuberculata,13.14,91.2,Omnivore,4.513054897080286,2.5756610130564646,Omnivore
Mystromys_albicaudatus,86.85,73.8,Omnivore,4.301358731606427,4.464182492687114,Omnivore
Naemorhedus_baileyi,28863.45,223.5,?,5.409411414053624,10.270331367802754,NA
Naemorhedus_caudatus,26999.99,176.28,?,5.172073639973786,10.203591774616028,NA
Naemorhedus_goral,28796.51,211.2,Herbivore,5.352805551832106,10.268009478225524,Herbivore
Nandinia_binotata,2167.2,237,Omnivore,5.4680601411351315,7.681191290770886,Omnivore
Nanger_dama,71424.81,219.78,Herbivore,5.392627046018778,11.176400566962428,Herbivore
Nanger_granti,55464.46,214.02,Herbivore,5.366069468598855,10.923497734255898,Herbivore
Nanger_soemmerringii,41582.93,186,Herbivore,5.225746673713202,10.635445025499818,Herbivore
Nasalis_larvatus,12265.65,276.6,Herbivore,5.622572419230658,9.414557951619358,Herbivore
Nasua_narica,4578.43,264.4,Omnivore,5.577463107977531,8.429111423580851,Omnivore
Nasua_nasua,3775.5,248.4,?,5.515040350059324,8.23628810324348,NA
Neofelis_nebulosa,14945.05,220.8,Carnivore,5.39725731440294,9.612135420312978,Carnivore
Neomys_fodiens,15.26,36.6,Carnivore,3.6000482404073204,2.725235025856311,Carnivore
Neophoca_cinerea,189274.99,240.6,?,5.483135803540579,12.150956210138327,NA
Neophocaena_phocaenoides,32500,336,Carnivore,5.817111159963204,10.388995368317829,Carnivore
Neotoma_albigula,208.18,103.2,Herbivore,4.636668853047462,5.338403090087322,Herbivore
Neotoma_floridana,249.16,69.6,Herbivore,4.242764567340374,5.5180952603859446,Herbivore
Neotoma_lepida,143.88,126,Herbivore,4.836281906951478,4.968979618827423,Herbivore
Neotragus_moschatus,5639.01,165,Herbivore,5.10594547390058,8.637463797169682,Herbivore
Neotragus_pygmaeus,3913.68,150.6,Herbivore,5.014627315365793,8.272233386821132,Herbivore
Neovison_vison,NA,136.8,Carnivore,4.918520005188451,NA,Carnivore
Noctilio_leporinus,29.93,141.6,Carnivore,4.953006181259619,3.3988613218646075,Carnivore
Nomascus_concolor,6410.47,541.2,Herbivore,6.293788896296633,8.765687870159638,Herbivore
Nomascus_leucogenys,7320,529.2,?,6.271366432240801,8.898365606955357,NA
Notomys_alexis,32.34,69.6,Omnivore,4.242764567340374,3.4763048541489607,Omnivore
Notomys_mitchellii,42.8,63.6,Omnivore,4.152613470346076,3.756538102587751,Omnivore
Nyctalus_leisleri,12.47,192,Carnivore,5.2574953720277815,2.523325759691945,Carnivore
Nyctalus_noctula,28.48,144,Carnivore,4.969813299576001,3.349202086543775,Carnivore
Nyctereutes_procyonoides,4214.99,183.6,?,5.21275947818639,8.3464024979539,NA
Nycticebus_coucang,924.55,313.8,Omnivore,5.748755840298932,6.829307132652995,Omnivore
Nycticebus_pygmaeus,342.32,231.6,Omnivore,5.4450117456988405,5.835745972108561,Omnivore
Nycticeius_humeralis,9.12,66,?,4.189654742026425,2.21046980408624,NA
Nyctomys_sumichrasti,59.99,65.4,Omnivore,4.180522258463153,4.094177881665002,Omnivore
Nyctophilus_geoffroyi,NA,87.6,?,4.472780997942346,NA,NA
Ochotona_hyperborea,120,112.8,Herbivore,4.725616339063959,4.787491742782046,Herbivore
Ochotona_princeps,157.63,84,Herbivore,4.430816798843313,5.060250514638451,Herbivore
Ochrotomys_nuttalli,22.81,65.4,Omnivore,4.180522258463153,3.1271990362962967,Omnivore
Octodon_degus,203.27,126.6,Herbivore,4.841032509710076,5.31453514457087,Herbivore
Odocoileus_hemionus,84560.57,264,Herbivore,5.575949103146316,11.345223361297181,Herbivore
Odocoileus_virginianus,75901.25,276,Herbivore,5.62040086571715,11.237188432286317,Herbivore
Okapia_johnstoni,230001.14,399,Herbivore,5.988961416889864,12.345839544414789,Herbivore
Onychogalea_fraenata,4952.05,74.4,Herbivore,4.309455941839047,8.507556911243991,Herbivore
Onychogalea_unguifera,6494.73,66,Herbivore,4.189654742026425,8.778746357801825,Herbivore
Onychomys_leucogaster,27.92,63.6,Omnivore,4.152613470346076,3.329343277894172,Omnivore
Onychomys_torridus,21.68,55.2,Carnivore,4.01096295328305,3.0763901765714454,Carnivore
Orcaella_brevirostris,189999.99,360,Carnivore,5.886104031450156,12.154779298511043,Carnivore
Orcinus_orca,5628758.66,1140,Carnivore,7.038783541388542,15.543399489126603,Carnivore
Oreamnos_americanus,72105.4,239.82,Herbivore,5.4798886419512876,11.185884216446285,Herbivore
Oreotragus_oreotragus,13486.55,262.38,Herbivore,5.569793834652884,9.50944817149718,Herbivore
Ornithorhynchus_anatinus,1484.25,267.6,Carnivore,5.589493328254074,7.302664873150785,Carnivore
Orycteropus_afer,56175.2,322.8,Omnivore,5.777032936395794,10.936230657349817,Omnivore
Oryctolagus_cuniculus,1590.57,186,Herbivore,5.225746673713202,7.371847721537925,Herbivore
Oryx_dammah,199798.95,287.52,Herbivore,5.661292423035249,12.205066889927526,Herbivore
Oryx_gazella,188404.45,262.8,Herbivore,5.571393286610456,12.14634626080299,Herbivore
Oryx_leucoryx,75788.24,244.8,Herbivore,5.500441550638171,11.23569841447548,Herbivore
Otaria_flavescens,193670.53,322.8,Carnivore,5.777032936395794,12.17391369533186,Carnivore
Otocyon_megalotis,4098.12,184.8,?,5.2192741592075835,8.318283610946985,NA
Otolemur_crassicaudatus,1206.61,249,Omnivore,5.517452896464707,7.095570053723023,Omnivore
Otolemur_garnettii,811.17,222,Omnivore,5.402677381872279,6.698477649904538,Omnivore
Ourebia_ourebi,17186.09,190.38,Herbivore,5.249022074823159,9.751855614680125,Herbivore
Ovibos_moschatus,312500,308.4,Herbivore,5.731397641689174,12.652359748158593,Herbivore
Ovis_ammon,113998.72,191.28,Herbivore,5.25373832315007,11.643942499243423,Herbivore
Ovis_aries,39097.89,251.82,?,5.528714546573554,10.573823780322964,NA
Ovis_canadensis,74644.87,267.6,Herbivore,5.589493328254074,11.220497079909377,Herbivore
Ovis_dalli,70194.13,213.6,Herbivore,5.36410510708604,11.159019968284085,Herbivore
Ozotoceros_bezoarticus,34620.4,262.8,Herbivore,5.571393286610456,10.452198382678473,Herbivore
Pachyuromys_duprasi,47.5,76.2,Herbivore,4.333361462692601,3.8607297110405954,Herbivore
Paguma_larvata,4300,272.4,?,5.607271574275357,8.366370301681654,NA
Pan_paniscus,35119.95,618,Herbivore,6.42648845745769,10.466524624057834,Herbivore
Pan_troglodytes,45000,768,Omnivore,6.643789733147672,10.714417768752456,Omnivore
Panthera_leo,158623.93,348,Carnivore,5.8522024797744745,11.974291459525064,Carnivore
Panthera_onca,83943.09,306,Carnivore,5.723585101952381,11.337894348218613,Carnivore
Panthera_pardus,52399.99,301.8,Carnivore,5.709764546333749,10.86666167946942,Carnivore
Panthera_tigris,161914.66,315.6,Carnivore,5.75447558897172,11.994824685288398,Carnivore
Papio_hamadryas,14007.08,450,Herbivore,6.1092475827643655,9.547318195052735,Herbivore
Paradoxurus_hermaphroditus,3200,281.5,Omnivore,5.640132447579745,8.070906088787819,Omnivore
Paraechinus_aethiopicus,352.4,64.8,?,4.1713056033582285,5.864766894062025,NA
Paraechinus_hypomelas,213,84,Carnivore,4.430816798843313,5.3612921657094255,Carnivore
Parantechinus_apicalis,71.31,51,Carnivore,3.9318256327243257,4.267036570040212,Carnivore
Pecari_tajacu,21133.69,337.2,Omnivore,5.8206762261277,9.958623728586401,Omnivore
Pedetes_capensis,2549.25,207,Herbivore,5.332718793265369,7.843554477244335,Herbivore
Peponocephala_electra,206000,564,Carnivore,6.335054251498059,12.235631447771718,Carnivore
Perameles_bougainville,230.8,69.6,Omnivore,4.242764567340374,5.441551534633945,Omnivore
Perameles_gunnii,903.46,69.6,Omnivore,4.242764567340374,6.806231836777749,Omnivore
Perameles_nasuta,720.26,67.2,Omnivore,4.207673247529104,6.579612257936287,Omnivore
Perodicticus_potto,1081.81,350.4,Omnivore,5.859075359062237,6.98639084324744,Omnivore
Perognathus_amplus,11.97,70.8,?,4.259859000699674,2.482403519569882,NA
Perognathus_longimembris,8.07,99.6,?,4.601162164590552,2.0881534822818573,NA
Perognathus_parvus,21.56,58.8,Omnivore,4.074141854904581,3.070839746040796,Omnivore
Peromyscus_californicus,42.68,66,Omnivore,4.189654742026425,3.7537304264335525,Omnivore
Peromyscus_crinitus,16.32,92.4,Omnivore,4.526126978647638,2.792391349535961,Omnivore
Peromyscus_eremicus,22.73,88.8,Omnivore,4.486386649998124,3.123685637864452,Omnivore
Peromyscus_guatemalensis,40,68.4,?,4.225372824628505,3.6888794541139363,NA
Peromyscus_leucopus,18.07,66.4,Omnivore,4.1956970564823886,2.8942531046041373,Omnivore
Peromyscus_maniculatus,19.98,99.6,Omnivore,4.601162164590552,2.9947317732204075,Omnivore
Peromyscus_polionotus,14.27,66,Omnivore,4.189654742026425,2.658159431488745,Omnivore
Peromyscus_truei,27,64.8,Omnivore,4.1713056033582285,3.295836866004329,Omnivore
Petaurista_alborufus,1501.95,256.8,?,5.548297571815806,7.314519542821921,NA
Petaurista_leucogenys,NA,230.4,Herbivore,5.439816928821736,NA,Herbivore
Petaurus_australis,567.15,186,Omnivore,5.225746673713202,6.340623819005051,Omnivore
Petaurus_breviceps,120.76,190.8,Omnivore,5.251225759014186,4.793805104838638,Omnivore
Petaurus_norfolcensis,230,160.8,Omnivore,5.080161356744866,5.438079308923196,Omnivore
Petrogale_brachyotis,4012.01,121.2,Herbivore,4.797442073635214,8.297047641601152,Herbivore
Petrogale_concinna,1398.2,172.2,Herbivore,5.14865659199363,7.242940974077885,Herbivore
Petrogale_penicillata,6931.6,172.2,Herbivore,5.14865659199363,8.843845945766091,Herbivore
Petrogale_xanthopus,8499.99,158.4,Herbivore,5.0651234793803255,9.047820266007127,Herbivore
Phacochoerus_africanus,82499.99,270,Herbivore,5.598421958998375,11.320553451110644,Herbivore
Phalanger_gymnotis,2597.89,185.4,Herbivore,5.2225156531317545,7.862454856072431,Herbivore
Phaner_furcifer,409.87,222,Omnivore,5.402677381872279,6.015840036249296,Omnivore
Phascogale_calura,43.03,46.2,?,3.832979798087693,3.7618975468505083,NA
Phascogale_tapoatafa,192.65,65.4,Carnivore,4.180522258463153,5.260875071072166,Carnivore
Phascolarctos_cinereus,6528.74,252.6,Herbivore,5.531807209916391,8.783969248062565,Herbivore
Philander_opossum,425.81,47.4,Omnivore,3.858622228701031,6.053993237387927,Omnivore
Philantomba_maxwellii,8557.69,183.3,Herbivore,5.21112415484566,9.054585572903992,Herbivore
Philantomba_monticola,4896.05,167.4,Omnivore,5.120386158055375,8.496184036558317,Omnivore
Phloeomys_cumingi,1842.46,163.2,?,5.094976442530006,7.518856914194184,NA
Phloeomys_pallidus,1744.14,128.4,?,4.855150391255861,7.464016876476399,NA
Phoca_vitulina,87316.66,525.6,Carnivore,6.2645404671704,11.377296559817804,Carnivore
Phocoena_phocoena,52730.93,212.4,Carnivore,5.358471289367784,10.87295746938776,Carnivore
Phocoenoides_dalli,106042.53,264,Carnivore,5.575949103146316,11.571595519039505,Carnivore
Phodopus_roborovskii,NA,57.6,Omnivore,4.053522567701846,NA,Omnivore
Phodopus_sungorus,30.43,42.6,Omnivore,3.751854253275325,3.4154289639088797,Omnivore
Phyllostomus_discolor,36.7,108,Omnivore,4.68213122712422,3.6027767550605247,Omnivore
Phyllostomus_hastatus,91.44,168,Omnivore,5.123963979403259,4.515683019486556,Omnivore
Pipistrellus_kuhlii,6.07,96,Carnivore,4.564348191467836,1.803358605071407,Carnivore
Pipistrellus_nathusii,7.44,114,Carnivore,4.736198448394496,2.0068708488450007,Carnivore
Pipistrellus_pipistrellus,5.3,199.8,?,5.297316866214453,1.667706820558076,NA
Pithecia_monachus,2109.55,297.6,?,5.6957503029589365,7.654229933582622,NA
Pithecia_pithecia,1667.19,340.2,Herbivore,5.829533679961761,7.418894853460445,Herbivore
Plagiodontia_aedium,1268.86,154.8,?,5.042133961155627,7.145874138539302,NA
Planigale_maculata,12,58.8,Carnivore,4.074141854904581,2.4849066497880004,Carnivore
Planigale_tenuirostris,6.27,49.2,Carnivore,3.8958936234982624,1.8357763546448294,Carnivore
Platyrrhinus_lineatus,24.34,139.2,Herbivore,4.935911747900319,3.1921210875593813,Herbivore
Plecotus_auritus,8.19,360,Carnivore,5.886104031450156,2.102913897864978,Carnivore
Plecotus_austriacus,6.75,243,Carnivore,5.493061443340548,1.9095425048844386,Carnivore
Podomys_floridanus,30.74,88.4,Omnivore,4.481871969643598,3.4255647381104497,Omnivore
Pogonomys_macrourus,46.98,33.1,?,3.4995332823830174,3.849721979230767,NA
Pongo_pygmaeus,53408.29,714,Omnivore,6.570882962339584,10.885721256344963,Omnivore
Potamochoerus_porcus,70000.31,252,Omnivore,5.529429087511423,11.15625494959312,Omnivore
Potorous_longipes,1835.06,151.8,Omnivore,5.02256386496153,7.514832457501801,Omnivore
Potorous_tridactylus,1054.67,159,Omnivore,5.0689042022202315,6.960983200770698,Omnivore
Potos_flavus,2441.81,404.4,Omnivore,6.0024044871463165,7.800494846565873,Omnivore
Praomys_tullbergi,37.1,62.4,Herbivore,4.133565275375382,3.6136169696133895,Herbivore
Presbytis_melalophos,6439.12,216,Herbivore,5.375278407684165,8.770147163798756,Herbivore
Priodontes_maximus,40641.89,180,Omnivore,5.19295685089021,10.61255458707651,Omnivore
Prionailurus_bengalensis,2780.97,192,Carnivore,5.2574953720277815,7.930555066689264,Carnivore
Prionailurus_planiceps,3533.76,168,?,5.123963979403259,8.170117738858766,NA
Prionailurus_rubiginosus,1418.75,214.8,?,5.36970736263471,7.257531481229713,NA
Prionailurus_viverrinus,8826.46,163.2,?,5.094976442530006,9.085509307211444,NA
Procapra_gutturosa,28274.27,114,Herbivore,4.736198448394496,10.249707482790734,Herbivore
Procavia_capensis,2952.48,172.8,Herbivore,5.152134856369956,7.990400774128168,Herbivore
Procyon_cancrivorus,6931.72,198,Omnivore,5.288267030694535,8.843863257636551,Omnivore
Procyon_lotor,6373.72,252,Omnivore,5.529429087511423,8.759938565553032,Omnivore
Proechimys_brevicauda,284.99,81.6,?,4.401829261970061,5.652454091933764,NA
Proechimys_semispinosus,353.32,50.3,Omnivore,3.9180050771056933,5.867374161876931,Omnivore
Profelis_aurata,11277.17,252,Carnivore,5.529429087511423,9.330535607049939,Carnivore
Prolemur_simus,2030.41,177.6,Herbivore,5.17953383055807,7.615993022085899,Herbivore
Propithecus_verreauxi,3588.26,309.6,Herbivore,5.735281141715572,8.18542268432143,Herbivore
Proteles_cristata,8139.39,270,Carnivore,5.598421958998375,9.004470517613612,Carnivore
Psammomys_obesus,102.15,38.4,Herbivore,3.648057459593681,4.626442321263631,Herbivore
Pseudantechinus_macdonnellensis,36.88,60,Carnivore,4.0943445622221,3.607669398688393,Carnivore
Pseudocheirus_peregrinus,895.22,108.6,Herbivore,4.687671407499835,6.7970694981243795,Herbivore
Pseudois_nayaur,52334.57,269.4,?,5.596197263976263,10.865412425956386,NA
Pseudomys_australis,52.97,81,Omnivore,4.394449154672439,3.9697257155564354,Omnivore
Pseudomys_chapmani,10.95,81.6,?,4.401829261970061,2.3933394562625097,NA
Pseudomys_fumeus,68.75,78,?,4.356708826689592,4.230476736546681,NA
Pseudomys_laborifex,12,82.8,?,4.416428061391214,2.4849066497880004,NA
Pseudomys_shortridgei,72.06,72,?,4.276666119016055,4.277499105319947,NA
Pseudorca_crassidens,1360000,507,Carnivore,6.2285110035911835,14.122995257712235,Carnivore
Pteromys_volans,143.09,91.2,Herbivore,4.513054897080286,4.963473802918644,Herbivore
Pteronura_brasiliensis,26000,180.8,Carnivore,5.1973914479580765,10.165851817003619,Carnivore
Pteropus_alecto,610.13,243.6,Herbivore,5.495527535835742,6.413672049215732,Herbivore
Pteropus_dasymallus,491.86,330,Omnivore,5.799092654460526,6.198194123153937,Omnivore
Pteropus_giganteus,824.85,452.4,?,6.114566744241966,6.715201551621933,NA
Pteropus_hypomelanus,435.61,243.6,Herbivore,5.495527535835742,6.07674734763644,Herbivore
Pteropus_livingstonii,734.27,180,?,5.19295685089021,6.598876808386687,NA
Pteropus_lylei,319.75,244.8,?,5.500441550638171,5.767539440458952,NA
Pteropus_niger,474.43,232.8,?,5.450179715857283,6.162114083458122,NA
Pteropus_poliocephalus,702.78,283.2,?,5.6461533618195645,6.5550438983098385,NA
Pteropus_pselaphon,NA,200.4,?,5.3003153692107094,NA,NA
Pteropus_pumilus,184.05,206.4,?,5.329816033607408,5.21520745982503,NA
Pteropus_rodricensis,256.17,348,?,5.8522024797744745,5.545841286587624,NA
Pteropus_scapulatus,380.35,189.6,Herbivore,5.244916589820922,5.9410918814433105,Herbivore
Pteropus_vampyrus,1027.54,250.8,Herbivore,5.524655808758766,6.934922875053048,Herbivore
Pudu_puda,9642.62,184.8,Herbivore,5.2192741592075835,9.173948134910313,Herbivore
Puma_concolor,53954.05,282,?,5.641907070938114,10.89588803737751,NA
Puma_yagouaroundi,6875,175.515,Carnivore,5.167724509339031,8.835646922534773,Carnivore
Pusa_hispida,70963.6,552,Carnivore,6.313548046277095,11.16992234850381,Carnivore
Pusa_sibirica,89499.99,672,Carnivore,6.5102583405231496,11.401993792531098,Carnivore
Pygathrix_nemaeus,9411.1,306,?,5.723585101952381,9.149645122665685,NA
Rangifer_tarandus,109088.5,252,Herbivore,5.529429087511423,11.599914758382685,Herbivore
Raphicerus_campestris,11661.53,139.8,Herbivore,4.94021282979971,9.36405066913494,Herbivore
Rattus_fuscipes,124.58,52.3,Omnivore,3.9569963710708773,4.824948079825999,Omnivore
Rattus_lutreolus,106,40.9,Omnivore,3.711130063048756,4.663439094112067,Omnivore
Rattus_norvegicus,282.89,45.6,?,3.8199077165203406,5.645058129503191,NA
Rattus_rattus,142.68,50.4,Herbivore,3.919991175077323,4.960604360490691,Herbivore
Ratufa_bicolor,1609.08,174.5,Herbivore,5.161924741642482,7.383417866079551,Herbivore
Ratufa_indica,1060,240,?,5.480638923341991,6.966024187106113,NA
Redunca_arundinum,58059.24,201.3,Herbivore,5.304796332645746,10.969219147585955,Herbivore
Redunca_fulvorufula,29352.66,163.98,Herbivore,5.099744469168032,10.287138451473243,Herbivore
Reithrodon_auritus,79.73,66,Herbivore,4.189654742026425,4.378645926514404,Herbivore
Rhabdomys_pumilio,40.73,44.4,Omnivore,3.7932394694381792,3.706964921660321,Omnivore
Rhinoceros_unicornis,1843655.8,555,Herbivore,6.318968113746434,14.427261006239627,Herbivore
Rhinolophus_ferrumequinum,22.59,363,Carnivore,5.8944028342648505,3.1175073304799117,Carnivore
Rhinolophus_hipposideros,4.57,302.4,Carnivore,5.711750644305378,1.5195132049061133,Carnivore
Rhinopithecus_roxellana,13456.8,354,Herbivore,5.869296913133774,9.507239833477572,Herbivore
Rhombomys_opimus,NA,51,?,3.9318256327243257,NA,NA
Rhynchocyon_chrysopygus,535.2,90,Carnivore,4.499809670330265,6.282640508814019,Carnivore
Rousettus_aegyptiacus,134,274.8,Herbivore,5.616043560348194,4.897839799950911,Herbivore
Rousettus_lanosus,104.78,224.4,?,5.413430173648541,4.651862913980073,NA
Rousettus_leschenaultii,84.88,168,?,5.123963979403259,4.441238494305727,NA
Rucervus_duvaucelii,171223.86,294,Herbivore,5.683579767338681,12.050727102137678,Herbivore
Rucervus_eldii,95471.61,239.4,Herbivore,5.478135793123873,11.4665842047862,Herbivore
Rupicapra_rupicapra,33266.35,237.6,Herbivore,5.47058858748849,10.412301654548063,Herbivore
Rusa_alfredi,46475.04,222,?,5.402677381872279,10.746670673267058,NA
Rusa_timorensis,66375.5,253.2,Herbivore,5.534179690270021,11.103083291472553,Herbivore
Rusa_unicolor,177522.9,316.92,Herbivore,5.758649376097042,12.086854893660513,Herbivore
Saccopteryx_bilineata,8.08,72,Carnivore,4.276666119016055,2.089391872533004,Carnivore
Saccostomus_campestris,50.33,43.8,Herbivore,3.7796338173824005,3.9186013207882686,Herbivore
Saguinus_bicolor,465,228,?,5.429345628954441,6.142037405587356,NA
Saguinus_geoffroyi,492.5,246,Omnivore,5.5053315359323625,6.199494460612144,Omnivore
Saguinus_imperator,407.91,263.4,Omnivore,5.573673789309181,6.0110465618357045,Omnivore
Saguinus_labiatus,508.46,246,Herbivore,5.5053315359323625,6.23138654966101,Herbivore
Saguinus_leucopus,456.68,182.4,?,5.206202077640231,6.123982926808126,NA
Saguinus_midas,540.56,218.4,Omnivore,5.38632824387075,6.292605639243919,Omnivore
Saguinus_mystax,555.87,240,Omnivore,5.480638923341991,6.320534453962433,Omnivore
Saguinus_oedipus,462.04,295.8,Omnivore,5.689683550276699,6.135651467420479,Omnivore
Saimiri_boliviensis,799.45,363.6,?,5.896054362303324,6.683923991231429,NA
Saimiri_sciureus,749.47,343.2,Omnivore,5.838313367613807,6.619366290057107,Omnivore
Sarcophilus_harrisii,8202.25,127.2,Carnivore,4.845760650906022,9.012163785858128,Carnivore
Scalopus_aquaticus,87.15,74.4,Carnivore,4.309455941839047,4.46763077196603,Carnivore
Sciurus_aureogaster,455.57,138,Herbivore,4.927253685157205,6.121549382170587,Herbivore
Sciurus_carolinensis,545.4,285.6,?,5.654592230465429,6.301519470411488,NA
Sciurus_granatensis,318.44,138,Herbivore,4.927253685157205,5.763434074220378,Herbivore
Sciurus_niger,NA,192,Herbivore,5.2574953720277815,NA,Herbivore
Sciurus_variegatoides,485,181.2,Herbivore,5.199601393608879,6.184148890937483,Herbivore
Sciurus_vulgaris,333,160.8,Omnivore,5.080161356744866,5.808142489980444,Omnivore
Scotorepens_balstoni,11.92,116.4,?,4.757032535297338,2.4782176616372036,NA
Scotorepens_orion,11.83,133.2,?,4.891851758106289,2.4706386779902956,NA
Sekeetamys_calurus,56.61,76.2,Omnivore,4.333361462692601,4.036185648048568,Omnivore
Semnopithecus_entellus,12679.29,324,Herbivore,5.780743515792329,9.44772523273266,Herbivore
Setifer_setosus,263.22,147.6,Carnivore,4.994505912166372,5.572990184406177,Carnivore
Setonix_brachyurus,3027.67,154.8,Herbivore,5.042133961155627,8.01554862579133,Herbivore
Sigmodon_hispidus,110.65,62.4,Omnivore,4.133565275375382,4.7063720664970585,Omnivore
Sminthopsis_crassicaudata,15.98,55.8,Carnivore,4.021773869387265,2.7713379403381286,Carnivore
Sminthopsis_griseoventer,17.5,43.2,Carnivore,3.765840495250065,2.8622008809294686,Carnivore
Sminthopsis_macroura,23.56,58.8,Carnivore,4.074141854904581,3.159550358783386,Carnivore
Sminthopsis_virginiae,35.24,43.8,?,3.7796338173824005,3.562181801067979,NA
Sminthopsis_youngsoni,11.14,63.6,?,4.152613470346076,2.410542234499138,NA
Solenodon_paradoxus,899.99,140.6,?,4.9459189793765646,6.8023836521514705,NA
Sorex_araneus,9.18,31.2,Carnivore,3.4404180948154366,2.217027204632399,Carnivore
Sorex_caecutiens,6.3,30,Carnivore,3.4011973816621555,1.840549633397487,Carnivore
Spalacopus_cyanus,100.86,100.8,Herbivore,4.613138355637268,4.6137334166485795,Herbivore
Spalax_ehrenbergi,164.35,242.4,Herbivore,5.490589254195159,5.101998300110228,Herbivore
Speothos_venaticus,6324.54,146.6,?,4.987707789452551,8.752192583678237,NA
Spermophilus_citellus,395.97,80.4,?,4.387014176184921,5.981338450808973,NA
Spermophilus_pygmaeus,173.46,85.2,?,4.44500143383527,5.155947025256309,NA
Sphiggurus_mexicanus,2000,200.4,Herbivore,5.3003153692107094,7.600902459542082,Herbivore
Spilocuscus_maculatus,4060.46,168,?,5.123963979403259,8.309051546670373,NA
Spilogale_putorius,566.49,123,?,4.812184355372417,6.339459428061597,NA
Stenella_attenuata,65733.59,552,Carnivore,6.313548046277095,11.093365337140254,Carnivore
Stenella_coeruleoalba,142102.96,645,Carnivore,6.4692503167957724,11.864307144269368,Carnivore
Steno_bredanensis,130000,384,Carnivore,5.950642552587727,11.77528972943772,Carnivore
Sturnira_lilium,20.19,144,Omnivore,4.969813299576001,3.005187432324746,Omnivore
Suncus_murinus,43.76,34.2,?,3.5322256440685598,3.7787201581137255,NA
Sundasciurus_hippurus,357.79,168,Omnivore,5.123963979403259,5.879946222109427,Omnivore
Sundasciurus_lowii,84.99,133.2,Omnivore,4.891851758106289,4.442533602510535,Omnivore
Sundasciurus_tenuis,74.87,120,Omnivore,4.787491742782046,4.315753276242594,Omnivore
Suricata_suricatta,729.99,198.6,Carnivore,5.291292751611072,6.593030835418473,Carnivore
Sus_barbatus,135805.95,194.4,?,5.2699178920263385,11.818982307579898,NA
Sus_salvanius,7974.13,156,?,5.049856007249537,8.98395783079311,NA
Sus_scrofa,84471.54,288,Omnivore,5.662960480135946,11.344169951880085,Omnivore
Sus_verrucosus,89406.23,186,?,5.225746673713202,11.400945645534488,NA
Sylvicapra_grimmia,15639.15,178.38,Herbivore,5.183916106238061,9.6575326647963191,Herbivore
Sylvilagus_audubonii,880.88,93.6,Herbivore,4.539030383483547,6.7809214078053355,Herbivore
Sylvilagus_floridanus,1207.19,112.8,Herbivore,4.725616339063959,7.096050623787786,Herbivore
Sylvilagus_nuttallii,801.54,88.8,Herbivore,4.486386649998124,6.686534877229776,Herbivore
Sylvilagus_palustris,1355.23,91.2,Herbivore,4.513054897080286,7.211726460606727,Herbivore
Sylvilagus_transitionalis,813.51,111.6,Herbivore,4.71492104994721,6.701358219146539,Herbivore
Symphalangus_syndactylus,10839,486,Omnivore,6.186208623900494,9.29090601981575,Omnivore
Syncerus_caffer,592665.98,373.8,Herbivore,5.923720895021463,13.292386247782032,Herbivore
Tachyglossus_aculeatus,4499.97,597,Carnivore,6.391917113392602,8.411826009069522,Carnivore
Tadarida_brasiliensis,12.61,162,Carnivore,5.087596335232384,2.534490149976828,Carnivore
Tadarida_teniotis,28.07,156,Carnivore,5.049856007249537,3.334701390373791,Carnivore
Tamandua_mexicana,4178.51,153,Carnivore,5.030437921392435,8.33771000264193,Carnivore
Tamandua_tetradactyla,4800,168,Carnivore,5.123963979403259,8.476371196895983,Carnivore
Tamias_dorsalis,63.66,151.2,?,5.018603463745433,4.1535564218539465,NA
Tamias_minimus,42.87,97.98,Omnivore,4.584763376210429,3.7581722806098856,Omnivore
Tamias_sibiricus,94.16,115.2,?,4.746669748261791,4.544995462952021,NA
Tamias_striatus,NA,114,Omnivore,4.736198448394496,NA,Omnivore
Tamias_townsendii,79.12,97.8,Omnivore,4.582924577040772,4.370965687314457,Omnivore
Tamiasciurus_hudsonicus,200.24,130.8,Herbivore,4.873669439023098,5.299516647123519,Herbivore
Taphozous_hilli,21.99,105.6,?,4.659658371272161,3.09058780456667,NA
Tapirus_pinchaque,156923.4,342,Herbivore,5.834810737062605,11.963513067180273,Herbivore
Tapirus_terrestris,169496.64,447.6,Herbivore,6.10389997643777,12.040588382597313,Herbivore
Tatera_indica,138.28,84,Omnivore,4.430816798843313,4.929280615053424,Omnivore
Taurotragus_derbianus,646024.25,218.82,Herbivore,5.388249474048644,13.37859232075987,Herbivore
Taurotragus_oryx,562592.69,306.6,Herbivore,5.725543966437714,13.240311181707835,Herbivore
Taxidea_taxus,7842.15,306,Carnivore,5.723585101952381,8.96726831044287,Carnivore
Tayassu_pecari,31798.71,297,Omnivore,5.6937321388027,10.367181001907708,Omnivore
Tenrec_ecaudatus,887.59,90,Carnivore,4.499809670330265,6.7885099246587854,Carnivore
Tetracerus_quadricornis,19282.12,169.38,Herbivore,5.132144711493453,9.866933520625768,Herbivore
Theropithecus_gelada,15964.11,384,Omnivore,5.950642552587727,9.678098356648519,Omnivore
Thomomys_bottae,122.7,63.6,Herbivore,4.152613470346076,4.809742351716865,Herbivore
Thrichomys_apereoides,297.53,84,?,4.430816798843313,5.695515060237774,NA
Thryonomys_swinderianus,3750.85,58.2,Herbivore,4.063885354737392,8.229737759946115,Herbivore
Thylogale_billardierii,5865.86,112.8,Herbivore,4.725616339063959,8.676904382904143,Herbivore
Thylogale_brunii,NA,112.8,?,4.725616339063959,NA,NA
Thylogale_stigmatica,4511.47,116.4,Herbivore,4.757032535297338,8.414378321739388,Herbivore
Thylogale_thetis,5399.95,108,Herbivore,4.68213122712422,8.59414497325024,Herbivore
Tolypeutes_matacus,1303.47,441.6,Carnivore,6.090404494962885,7.172785218148984,Carnivore
Trachypithecus_auratus,9719.6,373.2,?,5.922114468973189,9.181899744344333,NA
Trachypithecus_cristatus,7176.81,356.4,Herbivore,5.876053695596654,8.878610273622767,Herbivore
Trachypithecus_francoisi,8139.93,315.6,?,5.75447558897172,9.00453685945101,NA
Trachypithecus_obscurus,7247.88,353.4,Herbivore,5.867600559885596,8.888464291294367,Herbivore
Trachypithecus_phayrei,7681.72,339.6,Herbivore,5.827768454437193,8.946598759400127,Herbivore
Trachypithecus_pileatus,11219.93,302.4,Herbivore,5.711750644305378,9.325446940198045,Herbivore
Tragelaphus_angasii,87616.76,234,Herbivore,5.455321115357702,11.380727582825255,Herbivore
Tragelaphus_eurycerus,270998.37,248.5,Herbivore,5.5154428455366835,12.509868085083601,Herbivore
Tragelaphus_imberbis,94320.39,232.3,Herbivore,5.4480296397763635,11.454452670062755,Herbivore
Tragelaphus_scriptus,43250.39,169.8,Herbivore,5.134621273877247,10.67476152966041,Herbivore
Tragelaphus_spekii,75554.25,264.6,Herbivore,5.5782192516808555,11.232606220255015,Herbivore
Tragelaphus_strepsiceros,206056.41,279,Herbivore,5.631211781821365,12.235905245237227,Herbivore
Tragulus_javanicus,1889.93,156,Herbivore,5.049856007249537,7.544295070330763,Herbivore
Tragulus_napu,5273.67,198.18,?,5.289175708630753,8.570481793852052,NA
Tremarctos_ornatus,123176.97,452.5,Omnivore,6.114787763139981,11.721377380789445,Omnivore
Trichechus_inunguis,418001.19,420,Herbivore,6.040254711277414,12.943239558392793,Herbivore
Trichechus_manatus,467324.83,594,Herbivore,6.386879319362645,13.054779862307932,Herbivore
Trichosurus_vulpecula,2685.39,183.6,Herbivore,5.21275947818639,7.89558124779165,Herbivore
Tupaia_belangeri,200,126.6,?,4.841032509710076,5.298317366548036,NA
Tupaia_glis,132.43,148.9,Omnivore,5.003274939689963,4.8860542039388735,Omnivore
Tupaia_minor,70,146.4,Omnivore,4.986342601527212,4.248495242049359,Omnivore
Tupaia_tana,182.33,139.2,?,4.935911747900319,5.205818232051113,NA
Tursiops_truncatus,281040.55,585.6,Carnivore,6.3726369626471016,12.54625424395459,Carnivore
Tylomys_nudicaudus,181.65,64.8,?,4.1713056033582285,5.202081758667211,NA
Uncia_uncia,32500,235.2,Carnivore,5.460436216024472,10.388995368317829,Carnivore
Urocyon_cinereoargenteus,3833.71,187.2,Omnivore,5.232177564043492,8.251588281725514,Omnivore
Urogale_everetti,300.79,138,Omnivore,4.927253685157205,5.706412346842217,Omnivore
Ursus_americanus,110500,396,Omnivore,5.981414211254481,11.612770799939945,Omnivore
Ursus_arctos,196287.5,540,Omnivore,6.29156913955832,12.18733570019321,Omnivore
Ursus_maritimus,371703.81,492,Carnivore,6.198478716492308,12.825852606434585,Carnivore
Ursus_thibetanus,99714.19,446.2,Omnivore,6.100767281998432,11.510063272803349,Omnivore
Varecia_rubra,3872.6,450,?,6.1092475827643655,8.261681395069298,NA
Varecia_variegata,3849.99,432,Herbivore,6.068425588244111,8.255825829875858,Herbivore
Vespadelus_darlingtoni,6.06,96,?,4.564348191467836,1.801709800081223,NA
Vespadelus_regulus,5.05,96,?,4.564348191467836,1.6193882432872684,NA
Vespadelus_vulturnus,3.77,109.2,?,4.693181063310805,1.3270750014599193,NA
Vicugna_vicugna,47499.61,338.4,Herbivore,5.824228627732068,10.768476779462711,Herbivore
Viverra_zibetha,9148.77,250.2,?,5.522260598032811,9.121374723004044,NA
Vombatus_ursinus,26000,336.6,Herbivore,5.8188952817567055,10.165851817003619,Herbivore
Vormela_peregusna,594.13,106.3,?,4.666265285347902,6.387098150636191,NA
Vulpes_corsac,2615.33,156,?,5.049856007249537,7.869145563565781,NA
Vulpes_lagopus,3584.37,187.8,Omnivore,5.235377566774162,8.184338005373432,Omnivore
Vulpes_macrotis,4499.97,214.8,?,5.36970736263471,8.411826009069522,NA
Vulpes_pallida,2800.01,156,?,5.049856007249537,7.93737826758549,NA
Vulpes_rueppellii,3249.97,171.6,Omnivore,5.145166187053862,8.086401044511948,Omnivore
Vulpes_velox,2088,215.4,Omnivore,5.372496764722288,7.643961949002529,Omnivore
Vulpes_vulpes,4820.36,217.8,Omnivore,5.38357721049886,8.480603893052256,Omnivore
Vulpes_zerda,1317.13,185.3,Omnivore,5.221976133291314,7.1832104060593975,Omnivore
Wallabia_bicolor,14999.95,190.8,Herbivore,5.251225759014186,9.615802146745459,Herbivore
Xerus_erythropus,602.23,97.8,Herbivore,4.582924577040772,6.400639432143224,Herbivore
Xerus_inauris,572.6,147,Omnivore,4.990432586778736,6.350187392664015,Omnivore
Zaedyus_pichiy,1444.76,129,?,4.859812404361672,7.275698496786669,NA
Zaglossus_bruijni,8951.71,433.2,Carnivore,6.071199515126835,9.0995998544715,Carnivore
Zalophus_californianus,137194.86,394.2,?,5.97685839471862,11.829157530015294,NA
Zapus_hudsonius,18.43,63.6,Omnivore,4.152613470346076,2.9139797716817317,Omnivore
Ziphius_cavirostris,4774999.99,588,Carnivore,6.376726947898627,15.378904529802726,Carnivore
Zyzomys_palatilis,123,74.4,?,4.309455941839047,4.812184355372417,NA
Zyzomys_pedunculatus,100,90,Herbivore,4.499809670330265,4.605170185988092,Herbivore
